Timestamp,OperationName,Phase,DurationMs,MemoryBefore,MemoryAfter,MemoryDelta,Gen0,Gen1,Gen2
2026-01-13T10:28:07.5851596Z,ProcessImage,GPU_Pass,9.814,16438064,16438064,0,0,0,0
2026-01-13T10:28:08.7412994Z,ProcessImage,CPU_Pass,1129.977,16479128,13790600,-2688528,0,0,0
2026-01-13T10:28:08.8930567Z,PhotoViewer,SetImage,117.241,13790600,14953360,1162760,0,0,0
2026-01-13T10:28:08.9500374Z,ProcessImage,Complete,1374.807,16438064,13790600,-2647464,5811,623,35
2026-01-13T10:28:09.1813871Z,ProcessImage,GPU_Pass,5.228,15117008,15117008,0,0,0,0
2026-01-13T10:28:10.4991051Z,ProcessImage,CPU_Pass,1253.802,15182528,14929712,-252816,0,0,0
2026-01-13T10:28:10.6675475Z,PhotoViewer,SetImage,124.269,14967608,16270424,1302816,0,0,0
2026-01-13T10:28:10.7315898Z,ProcessImage,Complete,1555.465,15117008,14929712,-187296,5855,626,35
2026-01-13T10:28:10.9329330Z,ProcessImage,GPU_Pass,5.213,16426464,16426464,0,0,0,0
2026-01-13T10:28:12.2753155Z,ProcessImage,CPU_Pass,1309.922,16492168,17049560,557392,0,0,0
2026-01-13T10:28:12.4441544Z,PhotoViewer,SetImage,128.503,17049560,18221376,1171816,0,0,0
2026-01-13T10:28:12.5125661Z,ProcessImage,Complete,1584.875,16426464,17049560,623096,5899,629,35
2026-01-13T10:28:12.7049015Z,ProcessImage,GPU_Pass,5.464,18462520,18462520,0,0,0,0
2026-01-13T10:28:14.0619566Z,ProcessImage,CPU_Pass,1320.769,18462520,17356752,-1105768,0,0,0
2026-01-13T10:28:14.2541602Z,PhotoViewer,SetImage,129.778,17572080,18713792,1141712,0,0,0
2026-01-13T10:28:14.3245934Z,ProcessImage,Complete,1625.191,18462520,17356752,-1105768,5943,631,35
2026-01-13T10:28:14.5109394Z,ProcessImage,GPU_Pass,6.325,18925704,18925704,0,0,0,0
2026-01-13T10:28:15.8112296Z,ProcessImage,CPU_Pass,1251.475,18933872,19900104,966232,0,0,0
2026-01-13T10:28:15.9768750Z,PhotoViewer,SetImage,125.140,19916552,21093096,1176544,0,0,0
2026-01-13T10:28:16.0441300Z,ProcessImage,Complete,1539.478,18925704,19900104,974400,5985,634,35
2026-01-13T10:28:16.2209399Z,ProcessImage,GPU_Pass,5.071,21326232,21326232,0,0,0,0
2026-01-13T10:28:17.5526958Z,ProcessImage,CPU_Pass,1293.102,21326232,22248792,922560,0,0,0
2026-01-13T10:28:17.7442769Z,PhotoViewer,SetImage,130.103,22276352,23568624,1292272,0,0,0
2026-01-13T10:28:17.8103194Z,ProcessImage,Complete,1594.490,21326232,22248792,922560,6027,636,35
2026-01-13T10:28:18.0510153Z,ProcessImage,GPU_Pass,5.383,23744960,23752816,7856,0,0,0
2026-01-13T10:28:19.3716619Z,ProcessImage,CPU_Pass,1267.578,23760960,25085104,1324144,0,0,0
2026-01-13T10:28:19.5406677Z,PhotoViewer,SetImage,127.369,25093328,22554168,-2539160,0,0,0
2026-01-13T10:28:19.6079735Z,ProcessImage,Complete,1562.454,23744960,25085104,1340144,6069,639,35
2026-01-13T10:28:19.8016245Z,ProcessImage,GPU_Pass,5.161,22701528,22709440,7912,0,0,0
2026-01-13T10:28:21.0744245Z,ProcessImage,CPU_Pass,1239.975,22717664,23836664,1119000,0,0,0
2026-01-13T10:28:21.2382923Z,PhotoViewer,SetImage,123.103,23853000,25029976,1176976,0,0,0
2026-01-13T10:28:21.2993802Z,ProcessImage,Complete,1502.999,22701528,23836664,1135136,6113,644,35
2026-01-13T10:28:21.4799908Z,ProcessImage,GPU_Pass,5.268,25268040,25268040,0,0,0,0
2026-01-13T10:28:22.9196194Z,ProcessImage,CPU_Pass,1403.015,25268040,27503728,2235688,0,0,0
2026-01-13T10:28:23.0871166Z,PhotoViewer,SetImage,125.998,27511952,28839568,1327616,0,0,0
2026-01-13T10:28:23.1712931Z,ProcessImage,Complete,1696.589,25268040,27503728,2235688,6154,647,35
2026-01-13T10:28:23.3801857Z,ProcessImage,GPU_Pass,5.370,29000808,29000808,0,0,0,0
2026-01-13T10:28:24.6958687Z,ProcessImage,CPU_Pass,1274.328,29066312,28487000,-579312,0,0,0
2026-01-13T10:28:24.8549537Z,PhotoViewer,SetImage,119.998,28487000,29652952,1165952,0,0,0
2026-01-13T10:28:24.9202607Z,ProcessImage,Complete,1545.474,29000808,28487000,-513808,6197,650,35
2026-01-13T10:28:25.0953919Z,ProcessImage,GPU_Pass,5.146,29779968,29795360,15392,0,0,0
2026-01-13T10:28:26.4166093Z,ProcessImage,CPU_Pass,1282.947,29868616,30062240,193624,0,0,0
2026-01-13T10:28:26.5806493Z,PhotoViewer,SetImage,116.297,30070464,31203632,1133168,0,0,0
2026-01-13T10:28:26.6535018Z,ProcessImage,Complete,1563.302,29779968,30062240,282272,6238,653,35
2026-01-13T10:28:26.8570251Z,ProcessImage,GPU_Pass,5.406,31425224,31425224,0,0,0,0
2026-01-13T10:28:28.1909176Z,ProcessImage,CPU_Pass,1298.395,31425224,-29429992,-60855216,0,0,0
2026-01-13T10:28:28.3447822Z,PhotoViewer,SetImage,114.912,-29421768,-28086936,1334832,0,0,0
2026-01-13T10:28:28.4318733Z,ProcessImage,Complete,1580.316,31425224,-29429992,-60855216,6282,660,36
2026-01-13T10:28:28.6536520Z,ProcessImage,GPU_Pass,5.594,-27989840,-27924232,65608,0,0,0
2026-01-13T10:28:29.9961134Z,ProcessImage,CPU_Pass,1306.322,-27924232,9975184,37899416,0,0,0
2026-01-13T10:28:30.1516215Z,PhotoViewer,SetImage,116.672,9983408,11161272,1177864,0,0,0
2026-01-13T10:28:30.2179424Z,ProcessImage,Complete,1569.791,-27989840,9975184,37965024,6328,665,37
2026-01-13T10:28:30.4028222Z,ProcessImage,GPU_Pass,5.024,11390192,11397992,7800,0,0,0
2026-01-13T10:28:31.8390890Z,ProcessImage,CPU_Pass,1403.466,11397992,10726992,-671000,0,0,0
2026-01-13T10:28:32.0053571Z,PhotoViewer,SetImage,120.236,10751664,12026120,1274456,0,0,0
2026-01-13T10:28:32.0756955Z,ProcessImage,Complete,1677.811,11390192,10726992,-663200,6375,670,37
2026-01-13T10:28:32.2726249Z,ProcessImage,GPU_Pass,5.761,12212056,12212056,0,0,0,0
2026-01-13T10:28:33.6105295Z,ProcessImage,CPU_Pass,1298.612,12302472,14542896,2240424,0,0,0
2026-01-13T10:28:33.7717638Z,PhotoViewer,SetImage,118.212,12617328,13773120,1155792,0,0,0
2026-01-13T10:28:33.8375553Z,ProcessImage,Complete,1570.747,12212056,14542896,2330840,6423,670,37
2026-01-13T10:28:34.0204968Z,ProcessImage,GPU_Pass,4.889,13951392,13951392,0,0,0,0
2026-01-13T10:28:35.3012396Z,ProcessImage,CPU_Pass,1248.504,14014256,12378872,-1635384,0,0,0
2026-01-13T10:28:35.4624866Z,PhotoViewer,SetImage,119.427,12387096,13665104,1278008,0,0,0
2026-01-13T10:28:35.5314671Z,ProcessImage,Complete,1515.890,13951392,12378872,-1572520,6472,673,37
2026-01-13T10:28:35.7210005Z,ProcessImage,GPU_Pass,5.290,13844664,13844664,0,0,0,0
2026-01-13T10:28:37.0199880Z,ProcessImage,CPU_Pass,1269.128,13844664,14285176,440512,0,0,0
2026-01-13T10:28:37.2015299Z,PhotoViewer,SetImage,139.999,14285176,-2114712,-16399888,0,0,0
2026-01-13T10:28:37.2719018Z,ProcessImage,Complete,1556.165,13844664,14285176,440512,6520,680,38
2026-01-13T10:28:37.4607143Z,ProcessImage,GPU_Pass,5.042,-1888392,-1888392,0,0,0,0
2026-01-13T10:28:38.7502957Z,ProcessImage,CPU_Pass,1256.862,-1794064,11670336,13464400,0,0,0
2026-01-13T10:28:38.9099789Z,PhotoViewer,SetImage,118.444,11678560,12961408,1282848,0,0,0
2026-01-13T10:28:38.9747190Z,ProcessImage,Complete,1519.128,-1888392,11670336,13558728,6567,686,38
2026-01-13T10:28:39.1747368Z,ProcessImage,GPU_Pass,5.144,13142032,13142032,0,0,0,0
2026-01-13T10:28:40.4638722Z,ProcessImage,CPU_Pass,1256.583,13142032,12687512,-454520,0,0,0
2026-01-13T10:28:40.6259679Z,PhotoViewer,SetImage,121.656,12695736,13842328,1146592,0,0,0
2026-01-13T10:28:40.6890311Z,ProcessImage,Complete,1519.457,13142032,12687512,-454520,6615,687,38
2026-01-13T10:28:40.8728412Z,ProcessImage,GPU_Pass,5.177,14102032,14102032,0,0,0,0
2026-01-13T10:28:42.1711121Z,ProcessImage,CPU_Pass,1265.379,14110200,13575632,-534568,0,0,0
2026-01-13T10:28:42.3304230Z,PhotoViewer,SetImage,119.511,13575632,14730392,1154760,0,0,0
2026-01-13T10:28:42.3927893Z,ProcessImage,Complete,1525.207,14102032,13575632,-526400,6662,690,38
2026-01-13T10:28:43.1255250Z,ProcessImage,GPU_Pass,7.713,15463672,15463672,0,0,0,0
2026-01-13T10:28:44.4275703Z,ProcessImage,CPU_Pass,1267.342,15471896,9448992,-6022904,0,0,0
2026-01-13T10:28:44.4955818Z,PhotoViewer,SetImage,28.075,9465320,9559872,94552,0,0,0
2026-01-13T10:28:44.5596117Z,ProcessImage,Complete,1441.690,15463672,9448992,-6014680,6713,694,39
2026-01-13T10:28:44.7435175Z,ProcessImage,GPU_Pass,5.016,7752880,7752880,0,0,0,0
2026-01-13T10:28:46.0533692Z,ProcessImage,CPU_Pass,1277.515,7761072,11283376,3522304,0,0,0
2026-01-13T10:28:46.1973355Z,PhotoViewer,SetImage,101.399,11291600,11908264,616664,0,0,0
2026-01-13T10:28:46.2672695Z,ProcessImage,Complete,1528.802,7752880,11283376,3530496,6762,700,39
2026-01-13T10:28:46.4585718Z,ProcessImage,GPU_Pass,4.922,12143864,12143864,0,0,0,0
2026-01-13T10:28:47.7766788Z,ProcessImage,CPU_Pass,1283.603,12143864,11365224,-778640,0,0,0
2026-01-13T10:28:47.9341865Z,PhotoViewer,SetImage,117.856,11365224,12518304,1153080,0,0,0
2026-01-13T10:28:48.0016043Z,ProcessImage,Complete,1547.976,12143864,11365224,-778640,6810,705,39
2026-01-13T10:28:48.2041555Z,ProcessImage,GPU_Pass,4.889,12842064,12842064,0,0,0,0
2026-01-13T10:28:49.5224052Z,ProcessImage,CPU_Pass,1284.460,12842064,14206048,1363984,0,0,0
2026-01-13T10:28:49.6931211Z,PhotoViewer,SetImage,123.963,14206048,15471672,1265624,0,0,0
2026-01-13T10:28:49.7609514Z,ProcessImage,Complete,1561.713,12842064,14206048,1363984,6856,711,39
2026-01-13T10:28:49.9553707Z,ProcessImage,GPU_Pass,5.374,15674192,15674192,0,0,0,0
2026-01-13T10:28:51.3522160Z,ProcessImage,CPU_Pass,1360.338,15681160,13100544,-2580616,0,0,0
2026-01-13T10:28:51.5233453Z,PhotoViewer,SetImage,128.435,13100544,14369728,1269184,0,0,0
2026-01-13T10:28:51.6035157Z,ProcessImage,Complete,1653.551,15674192,13100544,-2573648,6905,720,39
2026-01-13T10:28:51.8049654Z,ProcessImage,GPU_Pass,7.022,14542056,14542056,0,0,0,0
2026-01-13T10:28:53.1473717Z,ProcessImage,CPU_Pass,1307.594,14607712,14916480,308768,0,0,0
2026-01-13T10:28:53.3223385Z,PhotoViewer,SetImage,128.707,14916480,16086136,1169656,0,0,0
2026-01-13T10:28:53.3893777Z,ProcessImage,Complete,1591.483,14542056,14916480,374424,6951,728,39
2026-01-13T10:28:53.5872093Z,ProcessImage,GPU_Pass,5.223,16312360,16312360,0,0,0,0
2026-01-13T10:28:54.9201168Z,ProcessImage,CPU_Pass,1295.132,16320520,9479672,-6840848,0,0,0
2026-01-13T10:28:55.0905564Z,PhotoViewer,SetImage,129.120,9496120,10802696,1306576,0,0,0
2026-01-13T10:28:55.1568276Z,ProcessImage,Complete,1574.577,16312360,9479672,-6832688,7001,736,40
2026-01-13T10:28:55.4091961Z,ProcessImage,GPU_Pass,7.758,10998088,10998088,0,0,0,0
2026-01-13T10:28:56.7489453Z,ProcessImage,CPU_Pass,1302.745,11006240,13170128,2163888,0,0,0
2026-01-13T10:28:56.9158911Z,PhotoViewer,SetImage,127.037,13189216,14502368,1313152,0,0,0
2026-01-13T10:28:56.9851319Z,ProcessImage,Complete,1583.772,10998088,13170128,2172040,7045,740,40
2026-01-13T10:28:57.1686412Z,ProcessImage,GPU_Pass,7.185,12583048,12583048,0,0,0,0
2026-01-13T10:28:58.5119075Z,ProcessImage,CPU_Pass,1304.988,12671248,14673712,2002464,0,0,0
2026-01-13T10:28:58.6771103Z,PhotoViewer,SetImage,124.526,14673712,15795472,1121760,0,0,0
2026-01-13T10:28:58.7384564Z,ProcessImage,Complete,1577.047,12583048,14673712,2090664,7091,744,40
2026-01-13T10:28:58.9188389Z,ProcessImage,GPU_Pass,5.962,15975952,16025272,49320,0,0,0
2026-01-13T10:29:00.2395707Z,ProcessImage,CPU_Pass,1290.168,16025272,15115712,-909560,0,0,0
2026-01-13T10:29:00.4000098Z,PhotoViewer,SetImage,121.091,15123936,16293608,1169672,0,0,0
2026-01-13T10:29:00.4619522Z,ProcessImage,Complete,1549.131,15975952,15115712,-860240,7135,746,40
2026-01-13T10:29:00.6466789Z,ProcessImage,GPU_Pass,6.237,-11557792,-11557792,0,0,0,0
2026-01-13T10:29:01.9254111Z,ProcessImage,CPU_Pass,1245.329,-11557792,10003864,21561656,0,0,0
2026-01-13T10:29:02.0827310Z,PhotoViewer,SetImage,119.076,10032696,11322544,1289848,0,0,0
2026-01-13T10:29:02.1463893Z,ProcessImage,Complete,1506.020,-11557792,10003864,21561656,7184,751,41
2026-01-13T10:29:02.3265367Z,ProcessImage,GPU_Pass,5.001,11445016,11445016,0,0,0,0
2026-01-13T10:29:03.6756527Z,ProcessImage,CPU_Pass,1318.592,11452784,14016200,2563416,0,0,0
2026-01-13T10:29:03.8343920Z,PhotoViewer,SetImage,117.521,14016200,15162720,1146520,0,0,0
2026-01-13T10:29:03.8972146Z,ProcessImage,Complete,1575.728,11445016,14016200,2571184,7228,751,41
2026-01-13T10:29:04.0772932Z,ProcessImage,GPU_Pass,4.930,15326880,15391520,64640,0,0,0
2026-01-13T10:29:05.3676192Z,ProcessImage,CPU_Pass,1257.647,15399016,13455416,-1943600,0,0,0
2026-01-13T10:29:05.5284170Z,PhotoViewer,SetImage,117.341,13629000,14799552,1170552,0,0,0
2026-01-13T10:29:05.5992642Z,ProcessImage,Complete,1526.947,15326880,13455416,-1871464,7272,755,41
2026-01-13T10:29:05.7820793Z,ProcessImage,GPU_Pass,5.078,14922720,14922720,0,0,0,0
2026-01-13T10:29:07.1536679Z,ProcessImage,CPU_Pass,1316.418,14985704,16535840,1550136,0,0,0
2026-01-13T10:29:07.3130988Z,PhotoViewer,SetImage,116.559,16544064,17857168,1313104,0,0,0
2026-01-13T10:29:07.3734540Z,ProcessImage,Complete,1596.480,14922720,16535840,1613120,7315,758,41
2026-01-13T10:29:07.5620402Z,ProcessImage,GPU_Pass,6.436,17954624,17954624,0,0,0,0
2026-01-13T10:29:08.8762869Z,ProcessImage,CPU_Pass,1280.798,17954624,17883920,-70704,0,0,0
2026-01-13T10:29:09.0296197Z,PhotoViewer,SetImage,113.669,17883920,17155712,-728208,0,0,0
2026-01-13T10:29:09.0923462Z,ProcessImage,Complete,1536.771,17954624,17883920,-70704,7361,762,41
2026-01-13T10:29:09.2810495Z,ProcessImage,GPU_Pass,5.305,17269560,17269560,0,0,0,0
2026-01-13T10:29:10.7320059Z,ProcessImage,CPU_Pass,1419.184,17269560,9959192,-7310368,0,0,0
2026-01-13T10:29:10.9040050Z,PhotoViewer,SetImage,118.813,10120320,11270136,1149816,0,0,0
2026-01-13T10:29:10.9935869Z,ProcessImage,Complete,1717.697,17269560,9959192,-7310368,7409,769,42
2026-01-13T10:29:11.2311047Z,ProcessImage,GPU_Pass,8.067,11455312,11455312,0,0,0,0
2026-01-13T10:29:12.6346826Z,ProcessImage,CPU_Pass,1361.348,11471120,11622960,151840,0,0,0
2026-01-13T10:29:12.7952089Z,PhotoViewer,SetImage,113.897,11757856,12941936,1184080,0,0,0
2026-01-13T10:29:12.8657245Z,ProcessImage,Complete,1642.509,11455312,11622960,167648,7454,773,42
2026-01-13T10:29:13.0600007Z,ProcessImage,GPU_Pass,4.976,13064920,13064920,0,0,0,0
2026-01-13T10:29:14.4378361Z,ProcessImage,CPU_Pass,1343.940,13143024,15440440,2297416,0,0,0
2026-01-13T10:29:14.6047530Z,PhotoViewer,SetImage,114.882,15456888,16752336,1295448,0,0,0
2026-01-13T10:29:14.6760441Z,ProcessImage,Complete,1621.072,13064920,15440440,2375520,7498,778,42
2026-01-13T10:29:14.8730614Z,ProcessImage,GPU_Pass,5.517,16858640,16858640,0,0,0,0
2026-01-13T10:29:16.2080331Z,ProcessImage,CPU_Pass,1301.092,16924056,16809008,-115048,0,0,0
2026-01-13T10:29:16.3585914Z,PhotoViewer,SetImage,109.809,16817232,16040984,-776248,0,0,0
2026-01-13T10:29:16.4261520Z,ProcessImage,Complete,1558.653,16858640,16809008,-49632,7543,785,42
2026-01-13T10:29:16.6111641Z,ProcessImage,GPU_Pass,5.038,16188160,16245680,57520,0,0,0
2026-01-13T10:29:18.0140089Z,ProcessImage,CPU_Pass,1371.761,16245680,16552800,307120,0,0,0
2026-01-13T10:29:18.1747783Z,PhotoViewer,SetImage,112.263,16724488,17864776,1140288,0,0,0
2026-01-13T10:29:18.2520012Z,ProcessImage,Complete,1645.854,16188160,16552800,364640,7585,787,42
2026-01-13T10:29:19.0371073Z,ProcessImage,GPU_Pass,8.088,18604632,18612624,7992,0,0,0
2026-01-13T10:29:20.4371034Z,ProcessImage,CPU_Pass,1359.840,18673968,19788328,1114360,0,0,0
2026-01-13T10:29:20.6204318Z,PhotoViewer,SetImage,137.815,19899360,-13827688,-33727048,0,0,0
2026-01-13T10:29:20.6893582Z,ProcessImage,Complete,1660.221,18604632,19788328,1183696,7631,792,43
2026-01-13T10:29:20.8805814Z,ProcessImage,GPU_Pass,5.749,-13646960,-13564752,82208,0,0,0
2026-01-13T10:29:22.2408976Z,ProcessImage,CPU_Pass,1321.519,-13564752,11367640,24932392,0,0,0
2026-01-13T10:29:22.3982212Z,PhotoViewer,SetImage,111.915,11367640,12532216,1164576,0,0,0
2026-01-13T10:29:22.4688811Z,ProcessImage,Complete,1594.208,-13646960,11367640,25014600,7679,795,43
2026-01-13T10:29:22.6465158Z,ProcessImage,GPU_Pass,5.229,12791376,12791376,0,0,0,0
2026-01-13T10:29:24.0636360Z,ProcessImage,CPU_Pass,1381.581,12791376,13144496,353120,0,0,0
2026-01-13T10:29:24.2405455Z,PhotoViewer,SetImage,117.308,13152720,14405704,1252984,0,0,0
2026-01-13T10:29:24.3249295Z,ProcessImage,Complete,1683.708,12791376,13144496,353120,7726,798,43
2026-01-13T10:29:24.5362894Z,ProcessImage,GPU_Pass,5.291,14544520,14585560,41040,0,0,0
2026-01-13T10:29:25.9447094Z,ProcessImage,CPU_Pass,1363.925,14585560,10786736,-3798824,0,0,0
2026-01-13T10:29:26.1058385Z,PhotoViewer,SetImage,112.016,10968904,12144096,1175192,0,0,0
2026-01-13T10:29:26.1782200Z,ProcessImage,Complete,1647.252,14544520,10786736,-3757784,7773,799,43
2026-01-13T10:29:26.3617772Z,ProcessImage,GPU_Pass,5.217,12341152,12341152,0,0,0,0
2026-01-13T10:29:27.8736829Z,ProcessImage,CPU_Pass,1476.411,12406912,16065776,3658864,0,0,0
2026-01-13T10:29:28.1070595Z,PhotoViewer,SetImage,158.808,16218816,-8702072,-24920888,0,0,0
2026-01-13T10:29:28.1912759Z,ProcessImage,Complete,1834.741,12341152,16065776,3724624,7820,802,44
2026-01-13T10:29:28.5116664Z,ProcessImage,GPU_Pass,8.633,-8518144,-8518144,0,0,0,0
2026-01-13T10:29:29.9485365Z,ProcessImage,CPU_Pass,1372.771,-8453528,12372864,20826392,0,0,0
2026-01-13T10:29:30.1067870Z,PhotoViewer,SetImage,110.254,12524624,13662080,1137456,0,0,0
2026-01-13T10:29:30.1800584Z,ProcessImage,Complete,1677.146,-8518144,12372864,20891008,7867,806,44
2026-01-13T10:29:30.3531155Z,ProcessImage,GPU_Pass,5.572,13843992,13843992,0,0,0,0
2026-01-13T10:29:31.7300230Z,ProcessImage,CPU_Pass,1339.498,13907608,14187520,279912,0,0,0
2026-01-13T10:29:31.9129729Z,PhotoViewer,SetImage,116.120,14212192,15443824,1231632,0,0,0
2026-01-13T10:29:32.0430847Z,ProcessImage,Complete,1695.644,13843992,14187520,343528,7914,812,44
2026-01-13T10:29:32.3784732Z,ProcessImage,GPU_Pass,7.771,15660800,15660800,0,0,0,0
2026-01-13T10:29:33.8171166Z,ProcessImage,CPU_Pass,1399.835,15724872,13963240,-1761632,0,0,0
2026-01-13T10:29:33.9756873Z,PhotoViewer,SetImage,112.174,14142280,15291816,1149536,0,0,0
2026-01-13T10:29:34.0477946Z,ProcessImage,Complete,1677.229,15660800,13963240,-1697560,7962,816,44
2026-01-13T10:29:34.2447879Z,ProcessImage,GPU_Pass,5.698,15439528,15439528,0,0,0,0
2026-01-13T10:29:35.7404682Z,ProcessImage,CPU_Pass,1460.198,15512368,3362816,-12149552,0,0,0
2026-01-13T10:29:35.8965463Z,PhotoViewer,SetImage,108.837,3494032,4660056,1166024,0,0,0
2026-01-13T10:29:35.9679492Z,ProcessImage,Complete,1728.876,15439528,3362816,-12076712,8013,823,45
2026-01-13T10:29:36.1604288Z,ProcessImage,GPU_Pass,6.913,4828976,4828976,0,0,0,0
2026-01-13T10:29:37.7010108Z,ProcessImage,CPU_Pass,1502.695,4893352,11118872,6225520,0,0,0
2026-01-13T10:29:37.8961292Z,PhotoViewer,SetImage,143.217,11273624,12398904,1125280,0,0,0
2026-01-13T10:29:38.0136383Z,ProcessImage,Complete,1860.307,4828976,11118872,6289896,8059,830,45
2026-01-13T10:29:38.3624320Z,ProcessImage,GPU_Pass,6.502,12707808,12707808,0,0,0,0
2026-01-13T10:29:39.8249871Z,ProcessImage,CPU_Pass,1427.259,12707808,12896864,189056,0,0,0
2026-01-13T10:29:39.9796324Z,PhotoViewer,SetImage,110.571,12931488,14174128,1242640,0,0,0
2026-01-13T10:29:40.0426471Z,ProcessImage,Complete,1686.853,12707808,12896864,189056,8106,838,45
2026-01-13T10:29:40.2111684Z,ProcessImage,GPU_Pass,5.316,14311200,14311200,0,0,0,0
2026-01-13T10:29:41.5178445Z,ProcessImage,CPU_Pass,1276.100,14311200,16380360,2069160,0,0,0
2026-01-13T10:29:41.6738346Z,PhotoViewer,SetImage,113.442,16380360,17543328,1162968,0,0,0
2026-01-13T10:29:41.7404362Z,ProcessImage,Complete,1534.664,14311200,16380360,2069160,8153,845,45
2026-01-13T10:29:41.9132815Z,ProcessImage,GPU_Pass,5.587,14911864,14911864,0,0,0,0
2026-01-13T10:29:43.2397865Z,ProcessImage,CPU_Pass,1294.012,14911864,17083008,2171144,0,0,0
2026-01-13T10:29:43.4130761Z,PhotoViewer,SetImage,132.561,17091232,-11515272,-28606504,0,0,0
2026-01-13T10:29:43.4814628Z,ProcessImage,Complete,1573.803,14911864,17083008,2171144,8202,848,46
2026-01-13T10:29:43.6559249Z,ProcessImage,GPU_Pass,5.758,-11219304,-11219304,0,0,0,0
2026-01-13T10:29:44.9717842Z,ProcessImage,CPU_Pass,1284.971,-11219304,12326248,23545552,0,0,0
2026-01-13T10:29:45.1234558Z,PhotoViewer,SetImage,107.600,12342696,13510328,1167632,0,0,0
2026-01-13T10:29:45.1871320Z,ProcessImage,Complete,1536.985,-11219304,12326248,23545552,8249,850,46
2026-01-13T10:29:45.3631947Z,ProcessImage,GPU_Pass,5.207,13755832,13755832,0,0,0,0
2026-01-13T10:29:46.6916606Z,ProcessImage,CPU_Pass,1291.159,13755832,13585280,-170552,0,0,0
2026-01-13T10:29:46.8426503Z,PhotoViewer,SetImage,109.786,13593504,14740096,1146592,0,0,0
2026-01-13T10:29:46.9067791Z,ProcessImage,Complete,1548.826,13755832,13585280,-170552,8298,850,46
2026-01-13T10:29:47.0795239Z,ProcessImage,GPU_Pass,5.133,14933312,14933312,0,0,0,0
2026-01-13T10:29:48.4042324Z,ProcessImage,CPU_Pass,1291.345,15006320,7862736,-7143584,0,0,0
2026-01-13T10:29:48.5618993Z,PhotoViewer,SetImage,112.879,7870960,9007016,1136056,0,0,0
2026-01-13T10:29:48.6265847Z,ProcessImage,Complete,1552.216,14933312,7862736,-7070576,8346,851,46
2026-01-13T10:29:48.7926459Z,ProcessImage,GPU_Pass,5.342,8962632,8962632,0,0,0,0
2026-01-13T10:29:50.0963491Z,ProcessImage,CPU_Pass,1272.534,9036616,13975760,4939144,0,0,0
2026-01-13T10:29:50.2441673Z,PhotoViewer,SetImage,106.217,14111848,15245832,1133984,0,0,0
2026-01-13T10:29:50.3087565Z,ProcessImage,Complete,1521.392,8962632,13975760,5013128,8395,853,46
2026-01-13T10:29:50.4810295Z,ProcessImage,GPU_Pass,6.204,15375544,15375544,0,0,0,0
2026-01-13T10:29:51.8167503Z,ProcessImage,CPU_Pass,1299.134,15383736,14633768,-749968,0,0,0
2026-01-13T10:29:51.9731775Z,PhotoViewer,SetImage,109.192,14668496,15930560,1262064,0,0,0
2026-01-13T10:29:52.0380708Z,ProcessImage,Complete,1563.276,15375544,14633768,-741776,8442,855,46
2026-01-13T10:29:52.2111670Z,ProcessImage,GPU_Pass,5.130,16070064,16070064,0,0,0,0
2026-01-13T10:29:53.5534769Z,ProcessImage,CPU_Pass,1310.016,16070064,-785688,-16855752,0,0,0
2026-01-13T10:29:53.7114383Z,PhotoViewer,SetImage,111.077,-2687544,-1508704,1178840,0,0,0
2026-01-13T10:29:53.7769712Z,ProcessImage,Complete,1570.994,16070064,-785688,-16855752,8493,864,47
2026-01-13T10:29:53.9739277Z,ProcessImage,GPU_Pass,17.973,-1336456,-1328232,8224,0,0,0
2026-01-13T10:29:55.4555977Z,ProcessImage,CPU_Pass,1443.312,-1254344,13216584,14470928,0,0,0
2026-01-13T10:29:55.6199950Z,PhotoViewer,SetImage,112.109,13224552,14486192,1261640,0,0,0
2026-01-13T10:29:55.6862292Z,ProcessImage,Complete,1733.580,-1336456,13216584,14553040,8539,869,47
2026-01-13T10:29:55.8696655Z,ProcessImage,GPU_Pass,6.191,14636664,14636664,0,0,0,0
2026-01-13T10:29:57.2857039Z,ProcessImage,CPU_Pass,1363.681,14636664,14708312,71648,0,0,0
2026-01-13T10:29:57.4411114Z,PhotoViewer,SetImage,112.937,14716536,15874152,1157616,0,0,0
2026-01-13T10:29:57.5084835Z,ProcessImage,Complete,1645.062,14636664,14708312,71648,8588,875,47
2026-01-13T10:29:57.6930588Z,ProcessImage,GPU_Pass,5.067,16189208,16189208,0,0,0,0
2026-01-13T10:29:59.0606342Z,ProcessImage,CPU_Pass,1332.496,16189208,14468392,-1720816,0,0,0
2026-01-13T10:29:59.2164498Z,PhotoViewer,SetImage,109.762,14642232,15819800,1177568,0,0,0
2026-01-13T10:29:59.2858159Z,ProcessImage,Complete,1597.881,16189208,14468392,-1720816,8636,884,47
2026-01-13T10:29:59.4836940Z,ProcessImage,GPU_Pass,5.846,15975728,15975728,0,0,0,0
2026-01-13T10:30:00.8508563Z,ProcessImage,CPU_Pass,1321.591,16041360,17793680,1752320,0,0,0
2026-01-13T10:30:01.0035357Z,PhotoViewer,SetImage,109.489,17793680,16891832,-901848,0,0,0
2026-01-13T10:30:01.0745403Z,ProcessImage,Complete,1596.774,15975728,17793680,1817952,8682,888,47
2026-01-13T10:30:01.2355898Z,ProcessImage,GPU_Pass,6.072,17075656,17075656,0,0,0,0
2026-01-13T10:30:02.5522862Z,ProcessImage,CPU_Pass,1284.586,17163328,19095432,1932104,0,0,0
2026-01-13T10:30:02.7347015Z,PhotoViewer,SetImage,134.402,19249000,-9399984,-28648984,0,0,0
2026-01-13T10:30:02.7966637Z,ProcessImage,Complete,1567.182,17075656,19095432,2019776,8728,892,48
2026-01-13T10:30:02.9622518Z,ProcessImage,GPU_Pass,5.046,-9229168,-9229168,0,0,0,0
2026-01-13T10:30:04.3543290Z,ProcessImage,CPU_Pass,1357.409,-9163424,12351992,21515416,0,0,0
2026-01-13T10:30:04.5183508Z,PhotoViewer,SetImage,112.528,12368440,13622720,1254280,0,0,0
2026-01-13T10:30:04.5996122Z,ProcessImage,Complete,1642.416,-9229168,12351992,21581160,8775,904,48
2026-01-13T10:30:04.7812666Z,ProcessImage,GPU_Pass,5.304,13818872,13818872,0,0,0,0
2026-01-13T10:30:06.1480229Z,ProcessImage,CPU_Pass,1327.216,13827056,13914144,87088,0,0,0
2026-01-13T10:30:06.2999606Z,PhotoViewer,SetImage,109.115,13914144,15068880,1154736,0,0,0
2026-01-13T10:30:06.3688173Z,ProcessImage,Complete,1592.892,13818872,13914144,95272,8822,907,48
2026-01-13T10:30:06.5559048Z,ProcessImage,GPU_Pass,6.022,15328480,15328480,0,0,0,0
2026-01-13T10:30:07.9157294Z,ProcessImage,CPU_Pass,1321.248,15328480,16521864,1193384,0,0,0
2026-01-13T10:30:08.0652323Z,PhotoViewer,SetImage,108.308,16530088,17697440,1167352,0,0,0
2026-01-13T10:30:08.1374411Z,ProcessImage,Complete,1587.593,15328480,16521864,1193384,8868,910,48
2026-01-13T10:30:08.3209013Z,ProcessImage,GPU_Pass,5.119,18003736,18003736,0,0,0,0
2026-01-13T10:30:09.6895108Z,ProcessImage,CPU_Pass,1331.470,18003736,7674160,-10329576,0,0,0
2026-01-13T10:30:09.8418389Z,PhotoViewer,SetImage,109.874,7820456,8971856,1151400,0,0,0
2026-01-13T10:30:09.9110694Z,ProcessImage,Complete,1595.314,18003736,7674160,-10329576,8919,914,49
2026-01-13T10:30:10.0887957Z,ProcessImage,GPU_Pass,5.312,9172312,9172312,0,0,0,0
2026-01-13T10:30:11.4261357Z,ProcessImage,CPU_Pass,1301.974,9253304,13109128,3855824,0,0,0
2026-01-13T10:30:11.5862026Z,PhotoViewer,SetImage,115.349,13125576,14264184,1138608,0,0,0
2026-01-13T10:30:11.6671810Z,ProcessImage,Complete,1583.720,9172312,13109128,3936816,8967,914,49
2026-01-13T10:30:11.9151807Z,ProcessImage,GPU_Pass,8.273,14520816,14520816,0,0,0,0
2026-01-13T10:30:13.3516243Z,ProcessImage,CPU_Pass,1391.226,14593816,14747032,153216,0,0,0
2026-01-13T10:30:13.5065122Z,PhotoViewer,SetImage,109.947,14755256,13923552,-831704,0,0,0
2026-01-13T10:30:13.5840599Z,ProcessImage,Complete,1677.174,14520816,14747032,226216,9014,919,49
2026-01-13T10:30:13.8102815Z,ProcessImage,GPU_Pass,6.066,14173432,14173432,0,0,0,0
2026-01-13T10:30:15.2435445Z,ProcessImage,CPU_Pass,1390.370,14173432,14394048,220616,0,0,0
2026-01-13T10:30:15.4002722Z,PhotoViewer,SetImage,113.346,14420912,15674632,1253720,0,0,0
2026-01-13T10:30:15.4705770Z,ProcessImage,Complete,1666.427,14173432,14394048,220616,9060,921,49
2026-01-13T10:30:15.6580551Z,ProcessImage,GPU_Pass,5.480,15869800,15869800,0,0,0,0
2026-01-13T10:30:16.9684945Z,ProcessImage,CPU_Pass,1277.355,15869800,19126288,3256488,0,0,0
2026-01-13T10:30:17.1241013Z,PhotoViewer,SetImage,112.962,19142680,16843904,-2298776,0,0,0
2026-01-13T10:30:17.1932529Z,ProcessImage,Complete,1540.781,15869800,19126288,3256488,9106,923,49
2026-01-13T10:30:17.3632542Z,ProcessImage,GPU_Pass,5.311,16999744,16999744,0,0,0,0
2026-01-13T10:30:18.7034783Z,ProcessImage,CPU_Pass,1304.523,16999744,5603832,-11395912,0,0,0
2026-01-13T10:30:18.8615499Z,PhotoViewer,SetImage,111.090,5718648,6893256,1174608,0,0,0
2026-01-13T10:30:18.9341119Z,ProcessImage,Complete,1576.196,16999744,5603832,-11395912,9156,928,50
2026-01-13T10:30:19.1087219Z,ProcessImage,GPU_Pass,7.565,5051984,5051984,0,0,0,0
2026-01-13T10:30:20.4423190Z,ProcessImage,CPU_Pass,1299.342,5051984,12318864,7266880,0,0,0
2026-01-13T10:30:20.5918884Z,PhotoViewer,SetImage,108.393,12348536,13637848,1289312,0,0,0
2026-01-13T10:30:20.6564435Z,ProcessImage,Complete,1555.249,5051984,12318864,7266880,9205,928,50
2026-01-13T10:30:20.8215172Z,ProcessImage,GPU_Pass,6.773,13797576,13797576,0,0,0,0
2026-01-13T10:30:22.1385292Z,ProcessImage,CPU_Pass,1285.451,13797576,13401848,-395728,0,0,0
2026-01-13T10:30:22.2900606Z,PhotoViewer,SetImage,109.222,13410072,14540216,1130144,0,0,0
2026-01-13T10:30:22.3560159Z,ProcessImage,Complete,1541.346,13797576,13401848,-395728,9252,933,50
2026-01-13T10:30:22.5294798Z,ProcessImage,GPU_Pass,5.083,14839616,14839616,0,0,0,0
2026-01-13T10:30:23.8476948Z,ProcessImage,CPU_Pass,1283.859,14847808,14384752,-463056,0,0,0
2026-01-13T10:30:23.9997406Z,PhotoViewer,SetImage,108.020,14392976,15546088,1153112,0,0,0
2026-01-13T10:30:24.0629422Z,ProcessImage,Complete,1538.484,14839616,14384752,-454864,9299,937,50
2026-01-13T10:30:24.2334459Z,ProcessImage,GPU_Pass,5.237,15762624,15762624,0,0,0,0
2026-01-13T10:30:25.5573119Z,ProcessImage,CPU_Pass,1290.688,15852032,17059808,1207776,0,0,0
2026-01-13T10:30:25.7169744Z,PhotoViewer,SetImage,111.192,15191144,16334984,1143840,0,0,0
2026-01-13T10:30:25.7869514Z,ProcessImage,Complete,1558.557,15762624,17059808,1297184,9346,941,50
2026-01-13T10:30:25.9554298Z,ProcessImage,GPU_Pass,5.190,16506600,16506600,0,0,0,0
2026-01-13T10:30:27.3097900Z,ProcessImage,CPU_Pass,1320.228,16564064,18675040,2110976,0,0,0
2026-01-13T10:30:27.4797927Z,PhotoViewer,SetImage,129.813,18683264,-7828080,-26511344,0,0,0
2026-01-13T10:30:27.5467982Z,ProcessImage,Complete,1596.843,16506600,18675040,2168440,9392,949,51
2026-01-13T10:30:27.7127777Z,ProcessImage,GPU_Pass,5.583,-7560656,-7560656,0,0,0,0
2026-01-13T10:30:29.0125980Z,ProcessImage,CPU_Pass,1267.247,-7560656,10781784,18342440,0,0,0
2026-01-13T10:30:29.1641784Z,PhotoViewer,SetImage,108.383,10909944,12072168,1162224,0,0,0
2026-01-13T10:30:29.2322725Z,ProcessImage,Complete,1525.003,-7560656,10781784,18342440,9437,954,51
2026-01-13T10:30:29.4052952Z,ProcessImage,GPU_Pass,4.941,12290440,12290440,0,0,0,0
2026-01-13T10:30:30.7366389Z,ProcessImage,CPU_Pass,1293.680,12290440,12387288,96848,0,0,0
2026-01-13T10:30:30.8860042Z,PhotoViewer,SetImage,106.365,12514784,13667536,1152752,0,0,0
2026-01-13T10:30:30.9536286Z,ProcessImage,Complete,1553.324,12290440,12387288,96848,9485,961,51
2026-01-13T10:30:31.1265197Z,ProcessImage,GPU_Pass,9.370,13842776,13851000,8224,0,0,0
2026-01-13T10:30:32.4576245Z,ProcessImage,CPU_Pass,1291.051,13851000,13942704,91704,0,0,0
2026-01-13T10:30:32.6071399Z,PhotoViewer,SetImage,109.256,13959152,15251536,1292384,0,0,0
2026-01-13T10:30:32.6764589Z,ProcessImage,Complete,1559.367,13842776,13942704,99928,9532,967,51
2026-01-13T10:30:32.8491657Z,ProcessImage,GPU_Pass,5.744,15461688,15461688,0,0,0,0
2026-01-13T10:30:34.2036154Z,ProcessImage,CPU_Pass,1321.129,15461688,1553272,-13908416,0,0,0
2026-01-13T10:30:34.3572182Z,PhotoViewer,SetImage,110.473,1703304,2875240,1171936,0,0,0
2026-01-13T10:30:34.4214081Z,ProcessImage,Complete,1578.084,15461688,1553272,-13908416,9583,973,52
2026-01-13T10:30:34.5969171Z,ProcessImage,GPU_Pass,5.310,3094280,3094280,0,0,0,0
2026-01-13T10:30:35.9333042Z,ProcessImage,CPU_Pass,1302.690,3094280,13100008,10005728,0,0,0
2026-01-13T10:30:36.1188756Z,PhotoViewer,SetImage,135.188,13126816,12347200,-779616,0,0,0
2026-01-13T10:30:36.2220934Z,ProcessImage,Complete,1630.483,3094280,13100008,10005728,9632,976,52
2026-01-13T10:30:36.5293471Z,ProcessImage,GPU_Pass,5.625,12549792,12549792,0,0,0,0
2026-01-13T10:30:37.8891530Z,ProcessImage,CPU_Pass,1317.768,12549792,13825832,1276040,0,0,0
2026-01-13T10:30:38.0420598Z,PhotoViewer,SetImage,109.865,13997688,15122496,1124808,0,0,0
2026-01-13T10:30:38.1085698Z,ProcessImage,Complete,1584.864,12549792,13825832,1276040,9679,982,52
2026-01-13T10:30:38.2757330Z,ProcessImage,GPU_Pass,5.607,15316832,15316832,0,0,0,0
2026-01-13T10:30:39.6328149Z,ProcessImage,CPU_Pass,1321.827,15389184,14503096,-886088,0,0,0
2026-01-13T10:30:39.7841705Z,PhotoViewer,SetImage,110.644,14511320,15682960,1171640,0,0,0
2026-01-13T10:30:39.8504227Z,ProcessImage,Complete,1580.429,15316832,14503096,-813736,9727,992,52
2026-01-13T10:30:40.0280016Z,ProcessImage,GPU_Pass,6.314,15877480,15943160,65680,0,0,0
2026-01-13T10:30:41.3717787Z,ProcessImage,CPU_Pass,1309.218,15951336,15972600,21264,0,0,0
2026-01-13T10:30:41.5295378Z,PhotoViewer,SetImage,113.950,15972600,17161960,1189360,0,0,0
2026-01-13T10:30:41.6175437Z,ProcessImage,Complete,1595.909,15877480,15972600,95120,9773,997,52
2026-01-13T10:30:41.8565122Z,ProcessImage,GPU_Pass,6.249,17453328,17478000,24672,0,0,0
2026-01-13T10:30:43.3143748Z,ProcessImage,CPU_Pass,1414.480,17478000,-3893560,-21371560,0,0,0
2026-01-13T10:30:43.4742487Z,PhotoViewer,SetImage,108.980,-3885336,-2710032,1175304,0,0,0
2026-01-13T10:30:43.5470489Z,ProcessImage,Complete,1696.880,17453328,-3893560,-21346888,9824,1001,53
2026-01-13T10:30:43.7378817Z,ProcessImage,GPU_Pass,6.316,-2434760,-2434760,0,0,0,0
2026-01-13T10:30:45.2606912Z,ProcessImage,CPU_Pass,1481.762,-2427696,13013416,15441112,0,0,0
2026-01-13T10:30:45.4292340Z,PhotoViewer,SetImage,128.993,13013416,12333832,-679584,0,0,0
2026-01-13T10:30:45.5153940Z,ProcessImage,Complete,1783.752,-2434760,13013416,15448176,9873,1006,53
2026-01-13T10:30:45.7065890Z,ProcessImage,GPU_Pass,6.729,12527952,12527952,0,0,0,0
2026-01-13T10:30:46.9645514Z,ProcessImage,CPU_Pass,1225.751,12601864,14127808,1525944,0,0,0
2026-01-13T10:30:47.1109291Z,PhotoViewer,SetImage,106.130,14136032,15314456,1178424,0,0,0
2026-01-13T10:30:47.1695293Z,ProcessImage,Complete,1469.863,12527952,14127808,1599856,9919,1010,53
2026-01-13T10:30:47.3698448Z,ProcessImage,GPU_Pass,4.933,15559072,15559072,0,0,0,0
2026-01-13T10:30:48.6599779Z,ProcessImage,CPU_Pass,1245.970,15559072,16139496,580424,0,0,0
2026-01-13T10:30:48.8255682Z,PhotoViewer,SetImage,107.739,16284976,15351792,-933184,0,0,0
2026-01-13T10:30:48.9059636Z,ProcessImage,Complete,1541.052,15559072,16139496,580424,9966,1016,53
2026-01-13T10:30:49.5942975Z,ProcessImage,GPU_Pass,7.869,16004448,16078040,73592,0,0,0
2026-01-13T10:30:50.8367732Z,ProcessImage,CPU_Pass,1209.680,16078040,18512080,2434040,0,0,0
2026-01-13T10:30:50.9780267Z,PhotoViewer,SetImage,104.547,18512080,19669624,1157544,0,0,0
2026-01-13T10:30:51.0453748Z,ProcessImage,Complete,1459.001,16004448,18512080,2507632,10012,1017,53
2026-01-13T10:30:51.2114813Z,ProcessImage,GPU_Pass,6.092,19830664,19830664,0,0,0,0
2026-01-13T10:30:52.5530691Z,ProcessImage,CPU_Pass,1306.355,19871672,18745112,-1126560,0,0,0
2026-01-13T10:30:52.7142600Z,PhotoViewer,SetImage,124.843,18753336,-3452104,-22205440,0,0,0
2026-01-13T10:30:52.7722278Z,ProcessImage,Complete,1566.899,19830664,18745112,-1085552,10060,1024,54
2026-01-13T10:30:52.9268432Z,ProcessImage,GPU_Pass,5.181,-3257072,-3257072,0,0,0,0
2026-01-13T10:30:54.1694256Z,ProcessImage,CPU_Pass,1213.233,-3225952,13587808,16813760,0,0,0
2026-01-13T10:30:54.3140342Z,PhotoViewer,SetImage,108.454,13750496,14905200,1154704,0,0,0
2026-01-13T10:30:54.3686129Z,ProcessImage,Complete,1446.974,-3257072,13587808,16844880,10107,1029,54
2026-01-13T10:30:54.5079664Z,ProcessImage,GPU_Pass,6.050,13052648,13052648,0,0,0,0
2026-01-13T10:30:55.7374134Z,ProcessImage,CPU_Pass,1200.555,13060824,14383408,1322584,0,0,0
2026-01-13T10:30:55.8742271Z,PhotoViewer,SetImage,100.608,14383408,15555864,1172456,0,0,0
2026-01-13T10:30:55.9289256Z,ProcessImage,Complete,1427.054,13052648,14383408,1330760,10154,1031,54
2026-01-13T10:30:56.0898480Z,ProcessImage,GPU_Pass,4.878,15748392,15748392,0,0,0,0
2026-01-13T10:30:57.3163729Z,ProcessImage,CPU_Pass,1197.654,15805824,15362552,-443272,0,0,0
2026-01-13T10:30:57.4553649Z,PhotoViewer,SetImage,103.943,15528448,16674904,1146456,0,0,0
2026-01-13T10:30:57.5093937Z,ProcessImage,Complete,1424.448,15748392,15362552,-385840,10200,1039,54
2026-01-13T10:30:57.6430688Z,ProcessImage,GPU_Pass,4.850,16814024,16814024,0,0,0,0
2026-01-13T10:30:58.8633739Z,ProcessImage,CPU_Pass,1192.622,16814024,2596336,-14217688,0,0,0
2026-01-13T10:30:59.0013742Z,PhotoViewer,SetImage,104.381,2612784,3753656,1140872,0,0,0
2026-01-13T10:30:59.0560218Z,ProcessImage,Complete,1417.757,16814024,2596336,-14217688,10251,1046,55
2026-01-13T10:30:59.2277785Z,ProcessImage,GPU_Pass,7.457,3950352,3950352,0,0,0,0
2026-01-13T10:31:00.4355227Z,ProcessImage,CPU_Pass,1179.676,3950352,12729552,8779200,0,0,0
2026-01-13T10:31:00.5795397Z,PhotoViewer,SetImage,102.809,12745928,13896856,1150928,0,0,0
2026-01-13T10:31:00.6330313Z,ProcessImage,Complete,1412.766,3950352,12729552,8779200,10296,1047,55
2026-01-13T10:31:00.7712054Z,ProcessImage,GPU_Pass,7.201,14108568,14108568,0,0,0,0
2026-01-13T10:31:01.9739366Z,ProcessImage,CPU_Pass,1175.030,14179840,14836064,656224,0,0,0
2026-01-13T10:31:02.1093265Z,PhotoViewer,SetImage,101.303,14860672,16143968,1283296,0,0,0
2026-01-13T10:31:02.1660277Z,ProcessImage,Complete,1402.082,14108568,14836064,727496,10343,1048,55
2026-01-13T10:31:02.3256858Z,ProcessImage,GPU_Pass,4.824,16281696,16281696,0,0,0,0
2026-01-13T10:31:03.5331756Z,ProcessImage,CPU_Pass,1181.088,16281696,15498144,-783552,0,0,0
2026-01-13T10:31:03.6716547Z,PhotoViewer,SetImage,106.347,15679352,16843056,1163704,0,0,0
2026-01-13T10:31:03.7256705Z,ProcessImage,Complete,1404.860,16281696,15498144,-783552,10390,1051,55
2026-01-13T10:31:03.8616715Z,ProcessImage,GPU_Pass,5.927,16941624,16997520,55896,0,0,0
2026-01-13T10:31:05.3202725Z,ProcessImage,CPU_Pass,1430.507,16997520,17524264,526744,0,0,0
2026-01-13T10:31:05.5086865Z,PhotoViewer,SetImage,120.679,17524264,18654272,1130008,0,0,0
2026-01-13T10:31:05.6114520Z,ProcessImage,Complete,1755.712,16941624,17524264,582640,10436,1054,55
2026-01-13T10:31:05.8273436Z,ProcessImage,GPU_Pass,6.524,18925848,18999712,73864,0,0,0
2026-01-13T10:31:07.2054725Z,ProcessImage,CPU_Pass,1331.959,18999712,21019168,2019456,0,0,0
2026-01-13T10:31:07.3542909Z,PhotoViewer,SetImage,105.704,21027392,22185896,1158504,0,0,0
2026-01-13T10:31:07.4233331Z,ProcessImage,Complete,1602.504,18925848,21019168,2093320,10481,1059,55
2026-01-13T10:31:07.6418153Z,ProcessImage,GPU_Pass,6.376,-14034368,-14034368,0,0,0,0
2026-01-13T10:31:09.0127537Z,ProcessImage,CPU_Pass,1335.137,-13944856,-1368656,12576200,0,0,0
2026-01-13T10:31:09.1655092Z,PhotoViewer,SetImage,109.689,-1360432,-196568,1163864,0,0,0
2026-01-13T10:31:09.2352092Z,ProcessImage,Complete,1599.725,-14034368,-1368656,12665712,10532,1068,56
2026-01-13T10:31:09.4378722Z,ProcessImage,GPU_Pass,5.944,-705448,-705448,0,0,0,0
2026-01-13T10:31:10.7567141Z,ProcessImage,CPU_Pass,1279.569,-697224,15261704,15958928,0,0,0
2026-01-13T10:31:10.9185872Z,PhotoViewer,SetImage,110.489,15269928,13929464,-1340464,0,0,0
2026-01-13T10:31:10.9855984Z,ProcessImage,Complete,1553.733,-705448,15261704,15967152,10580,1070,56
2026-01-13T10:31:11.1416223Z,ProcessImage,GPU_Pass,5.126,14018992,14018992,0,0,0,0
2026-01-13T10:31:12.4909045Z,ProcessImage,CPU_Pass,1317.063,14018992,16819984,2800992,0,0,0
2026-01-13T10:31:12.6422722Z,PhotoViewer,SetImage,109.780,16819984,18143656,1323672,0,0,0
2026-01-13T10:31:12.7108675Z,ProcessImage,Complete,1574.387,14018992,16819984,2800992,10624,1072,56
2026-01-13T10:31:12.9191415Z,ProcessImage,GPU_Pass,6.180,18233784,18233784,0,0,0,0
2026-01-13T10:31:14.3105132Z,ProcessImage,CPU_Pass,1356.720,18329832,-2652296,-20982128,0,0,0
2026-01-13T10:31:14.4675522Z,PhotoViewer,SetImage,106.829,-2636344,-1306144,1330200,0,0,0
2026-01-13T10:31:14.5588379Z,ProcessImage,Complete,1645.921,18233784,-2652296,-20886080,10671,1090,57
2026-01-13T10:31:14.7481355Z,ProcessImage,GPU_Pass,5.811,-1205832,-1205832,0,0,0,0
2026-01-13T10:31:16.1366670Z,ProcessImage,CPU_Pass,1352.237,-1165104,11780576,12945680,0,0,0
2026-01-13T10:31:16.2855202Z,PhotoViewer,SetImage,105.718,11788800,12954448,1165648,0,0,0
2026-01-13T10:31:16.3563918Z,ProcessImage,Complete,1613.975,-1205832,11780576,12986408,10722,1094,57
2026-01-13T10:31:16.5579475Z,ProcessImage,GPU_Pass,4.917,13222136,13222136,0,0,0,0
2026-01-13T10:31:17.9411866Z,ProcessImage,CPU_Pass,1348.467,13230320,15584256,2353936,0,0,0
2026-01-13T10:31:18.0985969Z,PhotoViewer,SetImage,109.814,15600704,16782696,1181992,0,0,0
2026-01-13T10:31:18.1711818Z,ProcessImage,Complete,1618.182,13222136,15584256,2362120,10767,1100,57
2026-01-13T10:31:18.3460906Z,ProcessImage,GPU_Pass,6.168,17000360,17000360,0,0,0,0
2026-01-13T10:31:19.8435537Z,ProcessImage,CPU_Pass,1460.690,17000360,10175280,-6825080,0,0,0
2026-01-13T10:31:20.0025480Z,PhotoViewer,SetImage,110.362,10289272,9439976,-849296,0,0,0
2026-01-13T10:31:20.0777973Z,ProcessImage,Complete,1737.925,17000360,10175280,-6825080,10814,1104,58
2026-01-13T10:31:20.4320309Z,ProcessImage,GPU_Pass,6.417,9709392,9709392,0,0,0,0
2026-01-13T10:31:22.0046592Z,ProcessImage,CPU_Pass,1374.086,9773128,12930472,3157344,0,0,0
2026-01-13T10:31:22.1543137Z,PhotoViewer,SetImage,108.033,12930472,14103016,1172544,0,0,0
2026-01-13T10:31:22.2220471Z,ProcessImage,Complete,1796.997,9709392,12930472,3221080,10860,1114,58
2026-01-13T10:31:22.3821761Z,ProcessImage,GPU_Pass,6.314,14334688,14334688,0,0,0,0
2026-01-13T10:31:23.6962924Z,ProcessImage,CPU_Pass,1281.331,14334688,14807872,473184,0,0,0
2026-01-13T10:31:23.8441211Z,PhotoViewer,SetImage,107.100,14807872,15946096,1138224,0,0,0
2026-01-13T10:31:23.9170945Z,ProcessImage,Complete,1541.307,14334688,14807872,473184,10906,1119,58
2026-01-13T10:31:24.2693013Z,ProcessImage,GPU_Pass,7.286,16207784,16207784,0,0,0,0
2026-01-13T10:31:25.7496534Z,ProcessImage,CPU_Pass,1433.858,16207784,-2941560,-19149344,0,0,0
2026-01-13T10:31:25.8996748Z,PhotoViewer,SetImage,106.229,-2765384,-1627432,1137952,0,0,0
2026-01-13T10:31:25.9688423Z,ProcessImage,Complete,1707.087,16207784,-2941560,-19149344,10953,1124,59
2026-01-13T10:31:26.1356682Z,ProcessImage,GPU_Pass,6.299,-1451904,-1451904,0,0,0,0
2026-01-13T10:31:27.4395308Z,ProcessImage,CPU_Pass,1269.141,-1451904,9012832,10464736,0,0,0
2026-01-13T10:31:27.5856676Z,PhotoViewer,SetImage,104.782,9029280,10191688,1162408,0,0,0
2026-01-13T10:31:27.6502894Z,ProcessImage,Complete,1520.965,-1451904,9012832,10464736,11004,1128,59
2026-01-13T10:31:27.8360636Z,ProcessImage,GPU_Pass,5.577,10457256,10457256,0,0,0,0
2026-01-13T10:31:29.1414781Z,ProcessImage,CPU_Pass,1271.928,10457256,14638664,4181408,0,0,0
2026-01-13T10:31:29.2830449Z,PhotoViewer,SetImage,100.992,14646888,15800928,1154040,0,0,0
2026-01-13T10:31:29.3467372Z,ProcessImage,Complete,1516.301,10457256,14638664,4181408,11050,1134,59
2026-01-13T10:31:29.5034587Z,ProcessImage,GPU_Pass,5.988,15977744,15985968,8224,0,0,0
2026-01-13T10:31:30.8087346Z,ProcessImage,CPU_Pass,1272.451,16058680,15246600,-812080,0,0,0
2026-01-13T10:31:30.9703043Z,PhotoViewer,SetImage,121.867,15254824,4795688,-10459136,0,0,0
2026-01-13T10:31:31.0326072Z,ProcessImage,Complete,1535.280,15977744,15246600,-731144,11098,1139,60
2026-01-13T10:31:31.2236237Z,ProcessImage,GPU_Pass,6.384,4975040,4975040,0,0,0,0
2026-01-13T10:31:32.5652449Z,ProcessImage,CPU_Pass,1309.200,4975040,13176672,8201632,0,0,0
2026-01-13T10:31:32.7139986Z,PhotoViewer,SetImage,103.168,13339624,14487880,1148256,0,0,0
2026-01-13T10:31:32.7813527Z,ProcessImage,Complete,1564.146,4975040,13176672,8201632,11145,1146,60
2026-01-13T10:31:32.9431287Z,ProcessImage,GPU_Pass,6.028,10502960,10502960,0,0,0,0
2026-01-13T10:31:34.2646101Z,ProcessImage,CPU_Pass,1288.999,10511184,15137040,4625856,0,0,0
2026-01-13T10:31:34.4101422Z,PhotoViewer,SetImage,103.393,15153376,16431072,1277696,0,0,0
2026-01-13T10:31:34.4779902Z,ProcessImage,Complete,1540.838,10502960,15137040,4634080,11193,1152,60
2026-01-13T10:31:34.6622014Z,ProcessImage,GPU_Pass,5.074,14629872,14629872,0,0,0,0
2026-01-13T10:31:35.9875868Z,ProcessImage,CPU_Pass,1292.404,14629872,10134696,-4495176,0,0,0
2026-01-13T10:31:36.1289835Z,PhotoViewer,SetImage,101.676,10142920,11299864,1156944,0,0,0
2026-01-13T10:31:36.2003889Z,ProcessImage,Complete,1543.323,14629872,10134696,-4495176,11242,1158,61
2026-01-13T10:31:36.3650640Z,ProcessImage,GPU_Pass,6.148,11549688,11549688,0,0,0,0
2026-01-13T10:31:37.6809012Z,ProcessImage,CPU_Pass,1279.881,11549688,11456952,-92736,0,0,0
2026-01-13T10:31:37.8270772Z,PhotoViewer,SetImage,101.946,11465176,12611120,1145944,0,0,0
2026-01-13T10:31:37.9002814Z,ProcessImage,Complete,1541.405,11549688,11456952,-92736,11290,1165,61
2026-01-13T10:31:38.0962693Z,ProcessImage,GPU_Pass,5.450,12873040,12881184,8144,0,0,0
2026-01-13T10:31:39.4430899Z,ProcessImage,CPU_Pass,1310.912,12889360,14386256,1496896,0,0,0
2026-01-13T10:31:39.5913274Z,PhotoViewer,SetImage,104.662,14410808,13588200,-822608,0,0,0
2026-01-13T10:31:39.6607019Z,ProcessImage,Complete,1569.914,12873040,14386256,1513216,11338,1166,61
2026-01-13T10:31:39.8240009Z,ProcessImage,GPU_Pass,6.187,13760432,13760432,0,0,0,0
2026-01-13T10:31:41.1420146Z,ProcessImage,CPU_Pass,1284.653,13768656,15571896,1803240,0,0,0
2026-01-13T10:31:41.2879130Z,PhotoViewer,SetImage,104.371,15580120,16725192,1145072,0,0,0
2026-01-13T10:31:41.3943598Z,ProcessImage,Complete,1576.606,13760432,15571896,1811464,11384,1174,61
2026-01-13T10:31:41.6408825Z,ProcessImage,GPU_Pass,5.734,17043416,17051600,8184,0,0,0
2026-01-13T10:31:42.9507226Z,ProcessImage,CPU_Pass,1276.803,17051600,16733992,-317608,0,0,0
2026-01-13T10:31:43.0971267Z,PhotoViewer,SetImage,102.983,16742216,17888088,1145872,0,0,0
2026-01-13T10:31:43.1766320Z,ProcessImage,Complete,1541.514,17043416,16733992,-309424,11433,1182,61
2026-01-13T10:31:43.3492419Z,ProcessImage,GPU_Pass,7.372,16057904,16057904,0,0,0,0
2026-01-13T10:31:44.7021740Z,ProcessImage,CPU_Pass,1310.816,16106392,17977664,1871272,0,0,0
2026-01-13T10:31:44.8441919Z,PhotoViewer,SetImage,101.658,17985888,19163784,1177896,0,0,0
2026-01-13T10:31:44.9073317Z,ProcessImage,Complete,1565.557,16057904,17977664,1919760,11475,1185,61
2026-01-13T10:31:45.0831513Z,ProcessImage,GPU_Pass,5.349,19351464,19398784,47320,0,0,0
2026-01-13T10:31:46.4017046Z,ProcessImage,CPU_Pass,1286.750,19406928,-4292472,-23699400,0,0,0
2026-01-13T10:31:46.5381383Z,PhotoViewer,SetImage,98.023,-4292472,-3103576,1188896,0,0,0
2026-01-13T10:31:46.6014668Z,ProcessImage,Complete,1523.496,19351464,-4292472,-23643936,11526,1216,62
2026-01-13T10:31:46.7503782Z,ProcessImage,GPU_Pass,5.081,-2988832,-2988832,0,0,0,0
2026-01-13T10:31:48.0426647Z,ProcessImage,CPU_Pass,1259.507,-2988832,7951320,10940152,0,0,0
2026-01-13T10:31:48.1800559Z,PhotoViewer,SetImage,98.911,7951320,9157024,1205704,0,0,0
2026-01-13T10:31:48.2405925Z,ProcessImage,Complete,1495.324,-2988832,7951320,10940152,11577,1219,62
2026-01-13T10:31:48.4180611Z,ProcessImage,GPU_Pass,5.148,9324848,9382344,57496,0,0,0
2026-01-13T10:31:49.7133531Z,ProcessImage,CPU_Pass,1265.105,9390520,16442584,7052064,0,0,0
2026-01-13T10:31:49.8544962Z,PhotoViewer,SetImage,98.018,14590976,15778352,1187376,0,0,0
2026-01-13T10:31:49.9151195Z,ProcessImage,Complete,1502.292,9324848,16442584,7117736,11621,1220,62
2026-01-13T10:31:50.0635662Z,ProcessImage,GPU_Pass,5.820,15868280,15868280,0,0,0,0
2026-01-13T10:31:51.3551542Z,ProcessImage,CPU_Pass,1261.234,15868280,17636664,1768384,0,0,0
2026-01-13T10:31:51.4938632Z,PhotoViewer,SetImage,99.824,17644888,18795096,1150208,0,0,0
2026-01-13T10:31:51.5562761Z,ProcessImage,Complete,1498.554,15868280,17636664,1768384,11663,1227,62
2026-01-13T10:31:51.7369631Z,ProcessImage,GPU_Pass,6.022,18931824,18940000,8176,0,0,0
2026-01-13T10:31:53.0315133Z,ProcessImage,CPU_Pass,1264.988,18944792,19158456,213664,0,0,0
2026-01-13T10:31:53.1712940Z,PhotoViewer,SetImage,99.994,19166680,20371512,1204832,0,0,0
2026-01-13T10:31:53.2324729Z,ProcessImage,Complete,1501.555,18931824,19158456,226632,11705,1229,62
2026-01-13T10:31:53.3805129Z,ProcessImage,GPU_Pass,6.134,20560536,20585136,24600,0,0,0
2026-01-13T10:31:54.6726494Z,ProcessImage,CPU_Pass,1261.868,20585136,20088112,-497024,0,0,0
2026-01-13T10:31:54.8128529Z,PhotoViewer,SetImage,98.602,20286184,21469952,1183768,0,0,0
2026-01-13T10:31:54.8736924Z,ProcessImage,Complete,1499.353,20560536,20088112,-472424,11747,1232,62
2026-01-13T10:31:55.0531961Z,ProcessImage,GPU_Pass,5.048,21564168,21564168,0,0,0,0
2026-01-13T10:31:56.3550254Z,ProcessImage,CPU_Pass,1271.803,21571712,22413264,841552,0,0,0
2026-01-13T10:31:56.5115343Z,PhotoViewer,SetImage,119.441,22421488,-7633424,-30054912,0,0,0
2026-01-13T10:31:56.5706100Z,ProcessImage,Complete,1522.502,21564168,22413264,849096,11791,1237,63
2026-01-13T10:31:56.7216765Z,ProcessImage,GPU_Pass,6.570,-7452016,-7443792,8224,0,0,0
2026-01-13T10:31:58.0224036Z,ProcessImage,CPU_Pass,1270.208,-7410984,1919480,9330464,0,0,0
2026-01-13T10:31:58.1606842Z,PhotoViewer,SetImage,98.640,2142760,3334016,1191256,0,0,0
2026-01-13T10:31:58.2178682Z,ProcessImage,Complete,1502.866,-7452016,1919480,9371496,11842,1243,63
2026-01-13T10:31:59.0021891Z,ProcessImage,GPU_Pass,8.397,4173488,4181680,8192,0,0,0
2026-01-13T10:32:00.2937443Z,ProcessImage,CPU_Pass,1259.233,4181680,16564728,12383048,0,0,0
2026-01-13T10:32:00.4395389Z,PhotoViewer,SetImage,106.888,16572952,15735576,-837376,0,0,0
2026-01-13T10:32:00.5024896Z,ProcessImage,Complete,1508.721,4173488,16564728,12391240,11883,1244,63
2026-01-13T10:32:00.6967121Z,ProcessImage,GPU_Pass,5.206,15979248,15979248,0,0,0,0
2026-01-13T10:32:01.9944348Z,ProcessImage,CPU_Pass,1267.343,15987432,2927640,-13059792,0,0,0
2026-01-13T10:32:02.1401766Z,PhotoViewer,SetImage,105.210,3126200,4301872,1175672,0,0,0
2026-01-13T10:32:02.2032097Z,ProcessImage,Complete,1511.728,15979248,2927640,-13051608,11929,1248,64
2026-01-13T10:32:02.3995408Z,ProcessImage,GPU_Pass,6.346,4419632,4419632,0,0,0,0
2026-01-13T10:32:03.6967951Z,ProcessImage,CPU_Pass,1265.539,4501328,14213704,9712376,0,0,0
2026-01-13T10:32:03.8431821Z,PhotoViewer,SetImage,107.492,14221928,13511200,-710728,0,0,0
2026-01-13T10:32:03.9041180Z,ProcessImage,Complete,1510.992,4419632,14213704,9794072,11975,1252,64
2026-01-13T10:32:04.1031330Z,ProcessImage,GPU_Pass,6.367,13609344,13609344,0,0,0,0
2026-01-13T10:32:05.3983500Z,ProcessImage,CPU_Pass,1263.760,13609344,16858856,3249512,0,0,0
2026-01-13T10:32:05.5518284Z,PhotoViewer,SetImage,114.884,16858856,18174616,1315760,0,0,0
2026-01-13T10:32:05.6238177Z,ProcessImage,Complete,1527.095,13609344,16858856,3249512,12018,1253,64
2026-01-13T10:32:05.8258664Z,ProcessImage,GPU_Pass,5.508,18289536,18289536,0,0,0,0
2026-01-13T10:32:07.1045076Z,ProcessImage,CPU_Pass,1246.937,18289536,17464968,-824568,0,0,0
2026-01-13T10:32:07.2509982Z,PhotoViewer,SetImage,107.177,17464968,18645224,1180256,0,0,0
2026-01-13T10:32:07.3104629Z,ProcessImage,Complete,1490.127,18289536,17464968,-824568,12061,1254,64
2026-01-13T10:32:07.5065949Z,ProcessImage,GPU_Pass,4.961,18875176,18875176,0,0,0,0
2026-01-13T10:32:08.7939308Z,ProcessImage,CPU_Pass,1257.459,18875176,17397664,-1477512,0,0,0
2026-01-13T10:32:08.9396588Z,PhotoViewer,SetImage,107.280,17405888,18559728,1153840,0,0,0
2026-01-13T10:32:09.0011714Z,ProcessImage,Complete,1499.578,18875176,17397664,-1477512,12104,1257,64
2026-01-13T10:32:09.7348889Z,ProcessImage,GPU_Pass,5.513,17508520,17508520,0,0,0,0
2026-01-13T10:32:11.0251444Z,ProcessImage,CPU_Pass,1258.221,17516744,20359552,2842808,0,0,0
2026-01-13T10:32:11.1771477Z,PhotoViewer,SetImage,114.070,20359552,21502496,1142944,0,0,0
2026-01-13T10:32:11.2577271Z,ProcessImage,Complete,1528.417,17508520,20359552,2851032,12149,1261,65
2026-01-13T10:32:11.4054881Z,ProcessImage,GPU_Pass,5.231,-13922576,-13914352,8224,0,0,0
2026-01-13T10:32:12.7005422Z,ProcessImage,CPU_Pass,1265.270,-13875176,10875776,24750952,0,0,0
2026-01-13T10:32:12.8413197Z,PhotoViewer,SetImage,102.315,10892224,10235272,-656952,0,0,0
2026-01-13T10:32:12.9028112Z,ProcessImage,Complete,1502.575,-13922576,10875776,24798352,12200,1267,65
2026-01-13T10:32:13.0810489Z,ProcessImage,GPU_Pass,5.013,10348704,10356864,8160,0,0,0
2026-01-13T10:32:14.3565479Z,ProcessImage,CPU_Pass,1245.378,10365032,13982400,3617368,0,0,0
2026-01-13T10:32:14.4966957Z,PhotoViewer,SetImage,100.891,13982400,15136600,1154200,0,0,0
2026-01-13T10:32:14.5566624Z,ProcessImage,Complete,1480.652,10348704,13982400,3633696,12241,1268,65
2026-01-13T10:32:14.7045182Z,ProcessImage,GPU_Pass,6.362,15258512,15258512,0,0,0,0
2026-01-13T10:32:15.9879519Z,ProcessImage,CPU_Pass,1250.987,15258512,14618080,-640432,0,0,0
2026-01-13T10:32:16.1288767Z,PhotoViewer,SetImage,101.179,14618080,15805536,1187456,0,0,0
2026-01-13T10:32:16.1884029Z,ProcessImage,Complete,1490.302,15258512,14618080,-640432,12286,1271,65
2026-01-13T10:32:16.3689858Z,ProcessImage,GPU_Pass,6.262,15944928,15944928,0,0,0,0
2026-01-13T10:32:17.6665940Z,ProcessImage,CPU_Pass,1266.902,16010256,16284040,273784,0,0,0
2026-01-13T10:32:17.8089171Z,PhotoViewer,SetImage,103.466,16453488,17628232,1174744,0,0,0
2026-01-13T10:32:17.8729209Z,ProcessImage,Complete,1510.266,15944928,16284040,339112,12328,1275,65
2026-01-13T10:32:18.0278228Z,ProcessImage,GPU_Pass,6.154,17726128,17726128,0,0,0,0
2026-01-13T10:32:19.3430505Z,ProcessImage,CPU_Pass,1283.849,17726128,18599880,873752,0,0,0
2026-01-13T10:32:19.4859802Z,PhotoViewer,SetImage,103.522,18599880,19785984,1186104,0,0,0
2026-01-13T10:32:19.5485263Z,ProcessImage,Complete,1526.906,17726128,18599880,873752,12371,1280,65
2026-01-13T10:32:19.7275526Z,ProcessImage,GPU_Pass,5.015,20012928,20012928,0,0,0,0
2026-01-13T10:32:21.0205716Z,ProcessImage,CPU_Pass,1262.440,20012928,19429112,-583816,0,0,0
2026-01-13T10:32:21.1622843Z,PhotoViewer,SetImage,101.621,19616808,20791608,1174800,0,0,0
2026-01-13T10:32:21.2210052Z,ProcessImage,Complete,1498.498,20012928,19429112,-583816,12416,1283,65
2026-01-13T10:32:21.3707492Z,ProcessImage,GPU_Pass,5.883,20905880,20905880,0,0,0,0
2026-01-13T10:32:22.6719535Z,ProcessImage,CPU_Pass,1271.439,20905880,21492896,587016,0,0,0
2026-01-13T10:32:22.8141811Z,PhotoViewer,SetImage,105.445,21492896,22664968,1172072,0,0,0
2026-01-13T10:32:22.8802305Z,ProcessImage,Complete,1515.415,20905880,21492896,587016,12458,1286,65
2026-01-13T10:32:23.0606242Z,ProcessImage,GPU_Pass,5.923,22803384,22803384,0,0,0,0
2026-01-13T10:32:24.3879203Z,ProcessImage,CPU_Pass,1297.258,22869088,-15236960,-38106048,0,0,0
2026-01-13T10:32:24.5319537Z,PhotoViewer,SetImage,103.716,-15236960,-14060152,1176808,0,0,0
2026-01-13T10:32:24.5933396Z,ProcessImage,Complete,1538.720,22803384,-15236960,-38040344,12509,1291,66
2026-01-13T10:32:24.7358214Z,ProcessImage,GPU_Pass,5.871,-13910744,-13910744,0,0,0,0
2026-01-13T10:32:26.0270015Z,ProcessImage,CPU_Pass,1262.240,-13910744,-5581936,8328808,0,0,0
2026-01-13T10:32:26.1701504Z,PhotoViewer,SetImage,105.055,-5573792,-4391736,1182056,0,0,0
2026-01-13T10:32:26.2308370Z,ProcessImage,Complete,1500.930,-13910744,-5581936,8328808,12560,1294,66
2026-01-13T10:32:26.4065788Z,ProcessImage,GPU_Pass,5.069,-4213360,-4156136,57224,0,0,0
2026-01-13T10:32:27.7047730Z,ProcessImage,CPU_Pass,1267.397,-4147976,16071256,20219232,0,0,0
2026-01-13T10:32:27.8506329Z,PhotoViewer,SetImage,104.665,14249192,15429344,1180152,0,0,0
2026-01-13T10:32:27.9111210Z,ProcessImage,Complete,1509.692,-4213360,16071256,20284616,12602,1296,66
2026-01-13T10:32:28.0591980Z,ProcessImage,GPU_Pass,6.066,15527840,15527840,0,0,0,0
2026-01-13T10:32:29.3632349Z,ProcessImage,CPU_Pass,1272.374,15527840,16013480,485640,0,0,0
2026-01-13T10:32:29.5353573Z,PhotoViewer,SetImage,114.301,16013480,17176440,1162960,0,0,0
2026-01-13T10:32:29.6024336Z,ProcessImage,Complete,1549.318,15527840,16013480,485640,12644,1298,66
2026-01-13T10:32:29.7871144Z,ProcessImage,GPU_Pass,6.180,17393400,17393400,0,0,0,0
2026-01-13T10:32:31.0882509Z,ProcessImage,CPU_Pass,1270.495,17393400,18850792,1457392,0,0,0
2026-01-13T10:32:31.2311229Z,PhotoViewer,SetImage,104.253,18867240,20043104,1175864,0,0,0
2026-01-13T10:32:31.2917937Z,ProcessImage,Complete,1510.891,17393400,18850792,1457392,12685,1302,66
2026-01-13T10:32:31.4482594Z,ProcessImage,GPU_Pass,6.024,20179392,20179392,0,0,0,0
2026-01-13T10:32:32.7572317Z,ProcessImage,CPU_Pass,1279.899,20187576,18487416,-1700160,0,0,0
2026-01-13T10:32:32.9012666Z,PhotoViewer,SetImage,105.816,18518632,19845744,1327112,0,0,0
2026-01-13T10:32:32.9619955Z,ProcessImage,Complete,1519.703,20179392,18487416,-1691976,12728,1305,66
2026-01-13T10:32:33.1417803Z,ProcessImage,GPU_Pass,5.116,19951792,19951792,0,0,0,0
2026-01-13T10:32:34.4353253Z,ProcessImage,CPU_Pass,1262.422,19951792,22917144,2965352,0,0,0
2026-01-13T10:32:34.5802698Z,PhotoViewer,SetImage,105.541,22933560,24098032,1164472,0,0,0
2026-01-13T10:32:34.6407143Z,ProcessImage,Complete,1504.135,19951792,22917144,2965352,12768,1307,66
2026-01-13T10:32:34.8065171Z,ProcessImage,GPU_Pass,5.958,24251264,24251264,0,0,0,0
2026-01-13T10:32:36.1219497Z,ProcessImage,CPU_Pass,1283.929,24300496,-3752,-24304248,0,0,0
2026-01-13T10:32:36.2868753Z,PhotoViewer,SetImage,106.825,212576,1395104,1182528,0,0,0
2026-01-13T10:32:36.3478375Z,ProcessImage,Complete,1547.319,24251264,-3752,-24255016,12819,1311,67
2026-01-13T10:32:36.5261378Z,ProcessImage,GPU_Pass,6.146,1527160,1527160,0,0,0,0
2026-01-13T10:32:37.8426811Z,ProcessImage,CPU_Pass,1285.351,1527160,13812736,12285576,0,0,0
2026-01-13T10:32:37.9862665Z,PhotoViewer,SetImage,105.818,13829184,15132864,1303680,0,0,0
2026-01-13T10:32:38.0471290Z,ProcessImage,Complete,1527.158,1527160,13812736,12285576,12861,1313,67
2026-01-13T10:32:38.1957578Z,ProcessImage,GPU_Pass,6.274,15222424,15222424,0,0,0,0
2026-01-13T10:32:39.4847534Z,ProcessImage,CPU_Pass,1258.162,15222424,15486936,264512,0,0,0
2026-01-13T10:32:39.6323540Z,PhotoViewer,SetImage,108.117,15686544,16851688,1165144,0,0,0
2026-01-13T10:32:39.6920883Z,ProcessImage,Complete,1502.649,15222424,15486936,264512,12903,1314,67
2026-01-13T10:32:39.8897061Z,ProcessImage,GPU_Pass,4.895,16997208,16997208,0,0,0,0
2026-01-13T10:32:41.1876671Z,ProcessImage,CPU_Pass,1265.783,14991672,17840848,2849176,0,0,0
2026-01-13T10:32:41.3507283Z,PhotoViewer,SetImage,125.415,17849072,-1823176,-19672248,0,0,0
2026-01-13T10:32:41.4114230Z,ProcessImage,Complete,1526.638,16997208,17840848,843640,12947,1319,68
2026-01-13T10:32:41.5601300Z,ProcessImage,GPU_Pass,5.868,-1708632,-1708632,0,0,0,0
2026-01-13T10:32:42.8492841Z,ProcessImage,CPU_Pass,1258.662,-1708632,7968928,9677560,0,0,0
2026-01-13T10:32:42.9958549Z,PhotoViewer,SetImage,107.423,7985376,9161928,1176552,0,0,0
2026-01-13T10:32:43.0581626Z,ProcessImage,Complete,1503.930,-1708632,7968928,9677560,12998,1329,68
2026-01-13T10:32:43.2335125Z,ProcessImage,GPU_Pass,4.918,9308800,9308800,0,0,0,0
2026-01-13T10:32:44.9046760Z,ProcessImage,CPU_Pass,1618.657,9367200,13783288,4416088,0,0,0
2026-01-13T10:32:45.0494993Z,PhotoViewer,SetImage,105.367,13791512,14959736,1168224,0,0,0
2026-01-13T10:32:45.1087053Z,ProcessImage,Complete,1880.200,9308800,13783288,4474488,13044,1334,68
2026-01-13T10:32:45.2555668Z,ProcessImage,GPU_Pass,6.671,15176256,15240424,64168,0,0,0
2026-01-13T10:32:47.0098985Z,ProcessImage,CPU_Pass,1723.854,15240424,15891416,650992,0,0,0
2026-01-13T10:32:47.1888768Z,PhotoViewer,SetImage,116.054,16074720,17220352,1145632,0,0,0
2026-01-13T10:32:47.2763246Z,ProcessImage,Complete,2027.466,15176256,15891416,715160,13088,1337,68
2026-01-13T10:32:47.5306496Z,ProcessImage,GPU_Pass,8.151,17432784,17512328,79544,0,0,0
2026-01-13T10:32:48.9479699Z,ProcessImage,CPU_Pass,1374.976,17512328,3391688,-14120640,0,0,0
2026-01-13T10:32:49.1079040Z,PhotoViewer,SetImage,114.485,3408136,4570376,1162240,0,0,0
2026-01-13T10:32:49.1776688Z,ProcessImage,Complete,1655.236,17432784,3391688,-14041096,13139,1347,69
2026-01-13T10:32:49.3458102Z,ProcessImage,GPU_Pass,6.860,4721616,4721616,0,0,0,0
2026-01-13T10:32:50.6921294Z,ProcessImage,CPU_Pass,1314.045,4746264,14149336,9403072,0,0,0
2026-01-13T10:32:50.8438662Z,PhotoViewer,SetImage,111.035,14149336,15320600,1171264,0,0,0
2026-01-13T10:32:50.9080430Z,ProcessImage,Complete,1569.130,4721616,14149336,9427720,13190,1352,69
2026-01-13T10:32:51.0919169Z,ProcessImage,GPU_Pass,6.099,15554992,15554992,0,0,0,0
2026-01-13T10:32:52.4085347Z,ProcessImage,CPU_Pass,1283.776,15571080,16510992,939912,0,0,0
2026-01-13T10:32:52.5590931Z,PhotoViewer,SetImage,111.731,16527440,17706304,1178864,0,0,0
2026-01-13T10:32:52.6243329Z,ProcessImage,Complete,1538.543,15554992,16510992,956000,13233,1354,69
2026-01-13T10:32:52.7746433Z,ProcessImage,GPU_Pass,6.969,17866880,17866880,0,0,0,0
2026-01-13T10:32:54.1010776Z,ProcessImage,CPU_Pass,1293.053,17907944,16463256,-1444688,0,0,0
2026-01-13T10:32:54.2556357Z,PhotoViewer,SetImage,114.601,16471480,17616256,1144776,0,0,0
2026-01-13T10:32:54.3172009Z,ProcessImage,Complete,1549.567,17866880,16463256,-1403624,13276,1359,69
2026-01-13T10:32:54.5366999Z,ProcessImage,GPU_Pass,5.256,17792600,17792600,0,0,0,0
2026-01-13T10:32:55.8343431Z,ProcessImage,CPU_Pass,1268.278,17800776,18991848,1191072,0,0,0
2026-01-13T10:32:55.9847412Z,PhotoViewer,SetImage,111.054,19000072,20163136,1163064,0,0,0
2026-01-13T10:32:56.0465855Z,ProcessImage,Complete,1515.181,17792600,18991848,1199248,13318,1362,69
2026-01-13T10:32:56.1978747Z,ProcessImage,GPU_Pass,6.523,20325944,20325944,0,0,0,0
2026-01-13T10:32:57.5376998Z,ProcessImage,CPU_Pass,1308.654,20341464,20365000,23536,0,0,0
2026-01-13T10:32:57.6910038Z,PhotoViewer,SetImage,113.258,20566480,21704488,1138008,0,0,0
2026-01-13T10:32:57.7612603Z,ProcessImage,Complete,1569.878,20325944,20365000,39056,13359,1366,69
2026-01-13T10:32:58.0420976Z,ProcessImage,GPU_Pass,8.327,21899184,21899184,0,0,0,0
2026-01-13T10:32:59.4960585Z,ProcessImage,CPU_Pass,1380.406,-12171616,-363520,11808096,0,0,0
2026-01-13T10:32:59.6468034Z,PhotoViewer,SetImage,111.229,-355296,838960,1194256,0,0,0
2026-01-13T10:32:59.7101961Z,ProcessImage,Complete,1676.500,21899184,-363520,-22262704,13411,1377,70
2026-01-13T10:32:59.8586371Z,ProcessImage,GPU_Pass,6.036,1028024,1028024,0,0,0,0
2026-01-13T10:33:01.1480793Z,ProcessImage,CPU_Pass,1258.481,1060872,11945832,10884960,0,0,0
2026-01-13T10:33:01.2970471Z,PhotoViewer,SetImage,108.859,11954056,13304872,1350816,0,0,0
2026-01-13T10:33:01.3595926Z,ProcessImage,Complete,1507.027,1028024,11945832,10917808,13462,1379,70
2026-01-13T10:33:01.5459664Z,ProcessImage,GPU_Pass,5.062,13427560,13427560,0,0,0,0
2026-01-13T10:33:02.8404928Z,ProcessImage,CPU_Pass,1265.736,13427560,17414136,3986576,0,0,0
2026-01-13T10:33:02.9892258Z,PhotoViewer,SetImage,109.705,17414136,18577464,1163328,0,0,0
2026-01-13T10:33:03.0504906Z,ProcessImage,Complete,1509.614,13427560,17414136,3986576,13504,1382,70
2026-01-13T10:33:03.2196411Z,ProcessImage,GPU_Pass,5.919,18796496,18796496,0,0,0,0
2026-01-13T10:33:04.5307163Z,ProcessImage,CPU_Pass,1281.019,18796496,18244648,-551848,0,0,0
2026-01-13T10:33:04.6783542Z,PhotoViewer,SetImage,109.564,18252872,19386600,1133728,0,0,0
2026-01-13T10:33:04.7407195Z,ProcessImage,Complete,1527.061,18796496,18244648,-551848,13547,1386,70
2026-01-13T10:33:04.9223101Z,ProcessImage,GPU_Pass,5.106,19517456,19517456,0,0,0,0
2026-01-13T10:33:06.2356297Z,ProcessImage,CPU_Pass,1280.392,19599576,20288552,688976,0,0,0
2026-01-13T10:33:06.3834845Z,PhotoViewer,SetImage,108.915,20489184,19721368,-767816,0,0,0
2026-01-13T10:33:06.4450958Z,ProcessImage,Complete,1527.988,19517456,20288552,771096,13590,1390,70
2026-01-13T10:33:06.5952906Z,ProcessImage,GPU_Pass,6.478,19841576,19841576,0,0,0,0
2026-01-13T10:33:07.9009208Z,ProcessImage,CPU_Pass,1273.658,19841576,23977344,4135768,0,0,0
2026-01-13T10:33:08.0472146Z,PhotoViewer,SetImage,108.055,23977344,25146088,1168744,0,0,0
2026-01-13T10:33:08.1069601Z,ProcessImage,Complete,1518.237,19841576,23977344,4135768,13632,1392,70
2026-01-13T10:33:08.2873510Z,ProcessImage,GPU_Pass,6.035,25391824,25391824,0,0,0,0
2026-01-13T10:33:09.6002898Z,ProcessImage,CPU_Pass,1283.531,25391824,23169224,-2222600,0,0,0
2026-01-13T10:33:09.7697256Z,PhotoViewer,SetImage,130.295,23169224,-18661232,-41830456,0,0,0
2026-01-13T10:33:09.8311344Z,ProcessImage,Complete,1549.889,25391824,23169224,-2222600,13673,1399,71
2026-01-13T10:33:09.9818584Z,ProcessImage,GPU_Pass,6.432,-18480832,-18480832,0,0,0,0
2026-01-13T10:33:11.2880378Z,ProcessImage,CPU_Pass,1275.253,-18456192,-12288016,6168176,0,0,0
2026-01-13T10:33:11.4324467Z,PhotoViewer,SetImage,105.853,-12063288,-10894312,1168976,0,0,0
2026-01-13T10:33:11.4883971Z,ProcessImage,Complete,1512.996,-18480832,-12288016,6192816,13724,1401,71
2026-01-13T10:33:11.6583445Z,ProcessImage,GPU_Pass,5.201,-10791120,-10791120,0,0,0,0
2026-01-13T10:33:12.9662931Z,ProcessImage,CPU_Pass,1277.793,-10782920,14694336,25477256,0,0,0
2026-01-13T10:33:13.1100268Z,PhotoViewer,SetImage,104.014,14702560,15900984,1198424,0,0,0
2026-01-13T10:33:13.1733725Z,ProcessImage,Complete,1520.088,-10791120,14694336,25485456,13764,1402,71
2026-01-13T10:33:13.3230157Z,ProcessImage,GPU_Pass,6.186,16068616,16068616,0,0,0,0
2026-01-13T10:33:14.6169845Z,ProcessImage,CPU_Pass,1261.197,16101416,17793848,1692432,0,0,0
2026-01-13T10:33:14.7586341Z,PhotoViewer,SetImage,103.691,17810296,19133048,1322752,0,0,0
2026-01-13T10:33:14.8207120Z,ProcessImage,Complete,1503.914,16068616,17793848,1725232,13805,1402,71
2026-01-13T10:33:15.0058562Z,ProcessImage,GPU_Pass,5.285,19231240,19231240,0,0,0,0
2026-01-13T10:33:16.3398473Z,ProcessImage,CPU_Pass,1303.226,19231240,9244696,-9986544,0,0,0
2026-01-13T10:33:16.4838187Z,PhotoViewer,SetImage,102.482,9276624,10600088,1323464,0,0,0
2026-01-13T10:33:16.5442419Z,ProcessImage,Complete,1543.702,19231240,9244696,-9986544,13856,1412,72
2026-01-13T10:33:16.6968963Z,ProcessImage,GPU_Pass,6.084,10690056,10690056,0,0,0,0
2026-01-13T10:33:18.0195684Z,ProcessImage,CPU_Pass,1292.315,10690056,14711536,4021480,0,0,0
2026-01-13T10:33:18.1626475Z,PhotoViewer,SetImage,103.936,14719760,15891024,1171264,0,0,0
2026-01-13T10:33:18.2273196Z,ProcessImage,Complete,1536.536,10690056,14711536,4021480,13900,1414,72
2026-01-13T10:33:18.9457615Z,ProcessImage,GPU_Pass,7.569,16765072,16773248,8176,0,0,0
2026-01-13T10:33:20.2477954Z,ProcessImage,CPU_Pass,1267.884,16773248,16256864,-516384,0,0,0
2026-01-13T10:33:20.3915653Z,PhotoViewer,SetImage,103.311,16256864,17436944,1180080,0,0,0
2026-01-13T10:33:20.4536571Z,ProcessImage,Complete,1515.579,16765072,16256864,-508208,13944,1418,72
2026-01-13T10:33:20.6094541Z,ProcessImage,GPU_Pass,6.046,17606960,17615184,8224,0,0,0
2026-01-13T10:33:21.9351512Z,ProcessImage,CPU_Pass,1293.955,17656280,4035432,-13620848,0,0,0
2026-01-13T10:33:22.0788089Z,PhotoViewer,SetImage,103.462,4222464,5388168,1165704,0,0,0
2026-01-13T10:33:22.1411912Z,ProcessImage,Complete,1537.825,17606960,4035432,-13571528,13986,1425,73
2026-01-13T10:33:22.2914472Z,ProcessImage,GPU_Pass,6.162,5501080,5501080,0,0,0,0
2026-01-13T10:33:23.6247960Z,ProcessImage,CPU_Pass,1303.746,5501080,12957472,7456392,0,0,0
2026-01-13T10:33:23.7721682Z,PhotoViewer,SetImage,106.349,12965696,12337632,-628064,0,0,0
2026-01-13T10:33:23.8330160Z,ProcessImage,Complete,1547.765,5501080,12957472,7456392,14038,1433,73
2026-01-13T10:33:23.9862529Z,ProcessImage,GPU_Pass,6.309,12443128,12451328,8200,0,0,0
2026-01-13T10:33:25.3460169Z,ProcessImage,CPU_Pass,1326.075,12451328,13148784,697456,0,0,0
2026-01-13T10:33:25.4979460Z,PhotoViewer,SetImage,106.874,13171360,14496296,1324936,0,0,0
2026-01-13T10:33:25.5626863Z,ProcessImage,Complete,1582.805,12443128,13148784,705656,14077,1438,74
2026-01-13T10:33:25.7147494Z,ProcessImage,GPU_Pass,6.070,14611024,14611024,0,0,0,0
2026-01-13T10:33:27.1110032Z,ProcessImage,CPU_Pass,1363.812,14611024,16176960,1565936,0,0,0
2026-01-13T10:33:27.2546853Z,PhotoViewer,SetImage,104.004,16176960,17320504,1143544,0,0,0
2026-01-13T10:33:27.3221179Z,ProcessImage,Complete,1613.465,14611024,16176960,1565936,14119,1441,74
2026-01-13T10:33:27.4888903Z,ProcessImage,GPU_Pass,6.484,15470944,15470944,0,0,0,0
2026-01-13T10:33:28.8488510Z,ProcessImage,CPU_Pass,1323.965,15503616,16137232,633616,0,0,0
2026-01-13T10:33:28.9915264Z,PhotoViewer,SetImage,103.423,16153680,17321376,1167696,0,0,0
2026-01-13T10:33:29.0533474Z,ProcessImage,Complete,1570.983,15470944,16137232,666288,14160,1445,75
2026-01-13T10:33:29.2077847Z,ProcessImage,GPU_Pass,5.193,17477000,17477000,0,0,0,0
2026-01-13T10:33:30.5176634Z,ProcessImage,CPU_Pass,1280.323,17477000,16513192,-963808,0,0,0
2026-01-13T10:33:30.6621458Z,PhotoViewer,SetImage,104.445,16539720,17883360,1343640,0,0,0
2026-01-13T10:33:30.7233843Z,ProcessImage,Complete,1520.821,17477000,16513192,-963808,14202,1449,75
2026-01-13T10:33:30.8765419Z,ProcessImage,GPU_Pass,5.893,17989472,17989472,0,0,0,0
2026-01-13T10:33:32.2020411Z,ProcessImage,CPU_Pass,1294.033,17989472,9954808,-8034664,0,0,0
2026-01-13T10:33:32.3582715Z,PhotoViewer,SetImage,104.214,9954808,11165656,1210848,0,0,0
2026-01-13T10:33:32.4207635Z,ProcessImage,Complete,1550.178,17989472,9954808,-8034664,14253,1461,76
2026-01-13T10:33:32.5739866Z,ProcessImage,GPU_Pass,6.194,11342280,11342280,0,0,0,0
2026-01-13T10:33:33.8970358Z,ProcessImage,CPU_Pass,1291.834,11383144,18118384,6735240,0,0,0
2026-01-13T10:33:34.0427539Z,PhotoViewer,SetImage,105.533,18126608,19288528,1161920,0,0,0
2026-01-13T10:33:34.1057009Z,ProcessImage,Complete,1537.978,11342280,18118384,6776104,14298,1466,77
2026-01-13T10:33:34.2571326Z,ProcessImage,GPU_Pass,5.916,19419496,19419496,0,0,0,0
2026-01-13T10:33:35.6019736Z,ProcessImage,CPU_Pass,1313.000,19427720,18950208,-477512,0,0,0
2026-01-13T10:33:35.7466834Z,PhotoViewer,SetImage,104.401,19168264,20342896,1174632,0,0,0
2026-01-13T10:33:35.8058413Z,ProcessImage,Complete,1554.663,19419496,18950208,-469288,14339,1469,78
2026-01-13T10:33:35.9589277Z,ProcessImage,GPU_Pass,6.350,20441168,20441168,0,0,0,0
2026-01-13T10:33:37.2857612Z,ProcessImage,CPU_Pass,1296.964,20441168,22968360,2527192,0,0,0
2026-01-13T10:33:37.4386758Z,PhotoViewer,SetImage,110.270,22976584,24164968,1188384,0,0,0
2026-01-13T10:33:37.5082871Z,ProcessImage,Complete,1555.734,20441168,22968360,2527192,14379,1472,78
2026-01-13T10:33:37.6688447Z,ProcessImage,GPU_Pass,5.826,24390496,24390496,0,0,0,0
2026-01-13T10:33:39.0359406Z,ProcessImage,CPU_Pass,1334.971,24390496,20012224,-4378272,0,0,0
2026-01-13T10:33:39.1806549Z,PhotoViewer,SetImage,104.060,20214104,21396576,1182472,0,0,0
2026-01-13T10:33:39.2445807Z,ProcessImage,Complete,1581.633,24390496,20012224,-4378272,14421,1484,79
2026-01-13T10:33:39.3979595Z,ProcessImage,GPU_Pass,6.014,21470008,21470008,0,0,0,0
2026-01-13T10:33:40.7349736Z,ProcessImage,CPU_Pass,1308.935,21470008,23278864,1808856,0,0,0
2026-01-13T10:33:40.8780513Z,PhotoViewer,SetImage,102.996,23278864,24469312,1190448,0,0,0
2026-01-13T10:33:40.9388042Z,ProcessImage,Complete,1546.906,21470008,23278864,1808856,14460,1489,80
2026-01-13T10:33:41.0852890Z,ProcessImage,GPU_Pass,6.033,24630704,24630704,0,0,0,0
2026-01-13T10:33:42.4178608Z,ProcessImage,CPU_Pass,1304.002,24663488,23796304,-867184,0,0,0
2026-01-13T10:33:42.5601971Z,PhotoViewer,SetImage,104.184,23812688,23028296,-784392,0,0,0
2026-01-13T10:33:42.6217200Z,ProcessImage,Complete,1542.506,24630704,23796304,-834400,14500,1498,81
2026-01-13T10:33:42.7665475Z,ProcessImage,GPU_Pass,6.023,23176096,23176096,0,0,0,0
2026-01-13T10:33:44.1166785Z,ProcessImage,CPU_Pass,1320.459,23176096,20806384,-2369712,0,0,0
2026-01-13T10:33:44.2595229Z,PhotoViewer,SetImage,103.456,21054416,22213496,1159080,0,0,0
2026-01-13T10:33:44.3141231Z,ProcessImage,Complete,1553.510,23176096,20806384,-2369712,14537,1507,82
2026-01-13T10:33:44.4474589Z,ProcessImage,GPU_Pass,6.080,22295624,22320136,24512,0,0,0
2026-01-13T10:33:45.7795316Z,ProcessImage,CPU_Pass,1304.502,22320136,24717880,2397744,0,0,0
2026-01-13T10:33:45.9201595Z,PhotoViewer,SetImage,102.132,24726104,25864072,1137968,0,0,0
2026-01-13T10:33:45.9835946Z,ProcessImage,Complete,1542.261,22295624,24717880,2422256,14578,1514,83
2026-01-13T10:33:46.1298534Z,ProcessImage,GPU_Pass,6.160,24080512,24088512,8000,0,0,0
2026-01-13T10:33:47.4976766Z,ProcessImage,CPU_Pass,1339.580,24088512,24515152,426640,0,0,0
2026-01-13T10:33:47.6416163Z,PhotoViewer,SetImage,105.695,24515152,25723672,1208520,0,0,0
2026-01-13T10:33:47.7024381Z,ProcessImage,Complete,1578.762,24080512,24515152,434640,14615,1524,85
2026-01-13T10:33:47.8485624Z,ProcessImage,GPU_Pass,6.178,25871184,25871184,0,0,0,0
2026-01-13T10:33:49.1795109Z,ProcessImage,CPU_Pass,1303.462,25871184,25532208,-338976,0,0,0
2026-01-13T10:33:49.3263789Z,PhotoViewer,SetImage,107.446,25751512,26909888,1158376,0,0,0
2026-01-13T10:33:49.3884742Z,ProcessImage,Complete,1546.145,25871184,25532208,-338976,14650,1531,86
2026-01-13T10:33:49.5296529Z,ProcessImage,GPU_Pass,6.195,26999536,26999536,0,0,0,0
2026-01-13T10:33:50.8657874Z,ProcessImage,CPU_Pass,1307.049,26999536,28742320,1742784,0,0,0
2026-01-13T10:33:51.0138052Z,PhotoViewer,SetImage,110.336,28750544,29941696,1191152,0,0,0
2026-01-13T10:33:51.0784758Z,ProcessImage,Complete,1554.926,26999536,28742320,1742784,14687,1537,87
2026-01-13T10:33:51.2161729Z,ProcessImage,GPU_Pass,6.438,30113640,30113640,0,0,0,0
2026-01-13T10:33:52.5698125Z,ProcessImage,CPU_Pass,1325.689,30146496,28359896,-1786600,0,0,0
2026-01-13T10:33:52.7214707Z,PhotoViewer,SetImage,112.504,28368120,29569648,1201528,0,0,0
2026-01-13T10:33:52.8017583Z,ProcessImage,Complete,1592.062,30113640,28359896,-1753744,14725,1540,88
2026-01-13T10:33:52.9427888Z,ProcessImage,GPU_Pass,6.521,29735048,29743272,8224,0,0,0
2026-01-13T10:33:54.2874545Z,ProcessImage,CPU_Pass,1315.802,29784072,28718624,-1065448,0,0,0
2026-01-13T10:33:54.4451288Z,PhotoViewer,SetImage,115.631,28718624,29869136,1150512,0,0,0
2026-01-13T10:33:54.5116558Z,ProcessImage,Complete,1575.524,29735048,28718624,-1016424,14760,1548,89
2026-01-13T10:33:54.6658097Z,ProcessImage,GPU_Pass,6.289,30008624,30008624,0,0,0,0
2026-01-13T10:33:56.0565445Z,ProcessImage,CPU_Pass,1338.747,30008624,33562032,3553408,0,0,0
2026-01-13T10:33:56.2100909Z,PhotoViewer,SetImage,113.391,33578480,34805448,1226968,0,0,0
2026-01-13T10:33:56.2782747Z,ProcessImage,Complete,1618.795,30008624,33562032,3553408,14794,1552,90
2026-01-13T10:33:56.4264692Z,ProcessImage,GPU_Pass,6.165,34985192,34985192,0,0,0,0
2026-01-13T10:33:57.8273482Z,ProcessImage,CPU_Pass,1369.059,34985192,29391744,-5593448,0,0,0
2026-01-13T10:33:58.0072520Z,PhotoViewer,SetImage,117.064,29646608,30800416,1153808,0,0,0
2026-01-13T10:33:58.0734832Z,ProcessImage,Complete,1653.232,34985192,29391744,-5593448,14829,1554,91
2026-01-13T10:33:58.2257842Z,ProcessImage,GPU_Pass,6.346,30953000,30953000,0,0,0,0
2026-01-13T10:33:59.5703310Z,ProcessImage,CPU_Pass,1314.918,30985088,33108320,2123232,0,0,0
2026-01-13T10:33:59.7232462Z,PhotoViewer,SetImage,112.519,33116544,34246504,1129960,0,0,0
2026-01-13T10:33:59.7838331Z,ProcessImage,Complete,1564.430,30953000,33108320,2155320,14863,1559,91
2026-01-13T10:33:59.9210139Z,ProcessImage,GPU_Pass,6.197,34381728,34381728,0,0,0,0
2026-01-13T10:34:01.2700150Z,ProcessImage,CPU_Pass,1322.195,34389952,36292880,1902928,0,0,0
2026-01-13T10:34:01.4221941Z,PhotoViewer,SetImage,113.593,36301104,32558232,-3742872,0,0,0
2026-01-13T10:34:01.4813239Z,ProcessImage,Complete,1566.542,34381728,36292880,1911152,14897,1563,92
2026-01-13T10:34:01.6394947Z,ProcessImage,GPU_Pass,6.242,32673016,32673016,0,0,0,0
2026-01-13T10:34:02.9842352Z,ProcessImage,CPU_Pass,1313.000,32673016,34780112,2107096,0,0,0
2026-01-13T10:34:03.1383462Z,PhotoViewer,SetImage,114.895,34796536,36008072,1211536,0,0,0
2026-01-13T10:34:03.1966159Z,ProcessImage,Complete,1563.396,32673016,34780112,2107096,14930,1566,93
2026-01-13T10:34:03.3294906Z,ProcessImage,GPU_Pass,6.110,36158288,36158288,0,0,0,0
2026-01-13T10:34:04.6672881Z,ProcessImage,CPU_Pass,1311.366,36191160,35148544,-1042616,0,0,0
2026-01-13T10:34:04.8215402Z,PhotoViewer,SetImage,113.632,33548768,34782688,1233920,0,0,0
2026-01-13T10:34:04.8855070Z,ProcessImage,Complete,1562.178,36158288,35148544,-1009744,14963,1568,94
2026-01-13T10:34:05.0410787Z,ProcessImage,GPU_Pass,6.102,34910856,34910856,0,0,0,0
2026-01-13T10:34:06.3834612Z,ProcessImage,CPU_Pass,1315.256,34910856,39258392,4347536,0,0,0
2026-01-13T10:34:06.5344568Z,PhotoViewer,SetImage,112.097,39293080,40642408,1349328,0,0,0
2026-01-13T10:34:06.5930428Z,ProcessImage,Complete,1557.964,34910856,39258392,4347536,14996,1572,95
2026-01-13T10:34:06.7303843Z,ProcessImage,GPU_Pass,6.142,40699632,40716040,16408,0,0,0
2026-01-13T10:34:08.0659864Z,ProcessImage,CPU_Pass,1308.490,40716040,37340408,-3375632,0,0,0
2026-01-13T10:34:08.2163829Z,PhotoViewer,SetImage,111.229,37348632,38570320,1221688,0,0,0
2026-01-13T10:34:08.2745828Z,ProcessImage,Complete,1550.376,40699632,37340408,-3359224,15029,1574,96
2026-01-13T10:34:08.4248487Z,ProcessImage,GPU_Pass,6.031,38714000,38714000,0,0,0,0
2026-01-13T10:34:09.7771788Z,ProcessImage,CPU_Pass,1324.321,38760920,38245832,-515088,0,0,0
2026-01-13T10:34:09.9238262Z,PhotoViewer,SetImage,110.104,38245832,39399104,1153272,0,0,0
2026-01-13T10:34:09.9807473Z,ProcessImage,Complete,1561.961,38714000,38245832,-468168,15062,1582,97
2026-01-13T10:34:10.1129913Z,ProcessImage,GPU_Pass,6.035,39530312,39530312,0,0,0,0
2026-01-13T10:34:11.4577109Z,ProcessImage,CPU_Pass,1317.899,39530312,40997456,1467144,0,0,0
2026-01-13T10:34:11.6040227Z,PhotoViewer,SetImage,109.644,41005424,42228136,1222712,0,0,0
2026-01-13T10:34:11.6630732Z,ProcessImage,Complete,1556.122,39530312,40997456,1467144,15095,1586,98
2026-01-13T10:34:11.7979730Z,ProcessImage,GPU_Pass,6.269,42413576,42413576,0,0,0,0
2026-01-13T10:34:13.1476415Z,ProcessImage,CPU_Pass,1321.190,42446128,41208664,-1237464,0,0,0
2026-01-13T10:34:13.2885117Z,PhotoViewer,SetImage,106.253,41216888,42448248,1231360,0,0,0
2026-01-13T10:34:13.3680130Z,ProcessImage,Complete,1576.333,42413576,41208664,-1204912,15128,1588,99
2026-01-13T10:34:13.5009196Z,ProcessImage,GPU_Pass,6.253,42596104,42604328,8224,0,0,0
2026-01-13T10:34:14.8610489Z,ProcessImage,CPU_Pass,1331.521,42604328,39866664,-2737664,0,0,0
2026-01-13T10:34:15.0001044Z,PhotoViewer,SetImage,103.193,39874888,41114872,1239984,0,0,0
2026-01-13T10:34:15.0529842Z,ProcessImage,Complete,1558.353,42596104,39866664,-2729440,15159,1591,100
2026-01-13T10:34:15.1852862Z,ProcessImage,GPU_Pass,6.013,41241816,41241816,0,0,0,0
2026-01-13T10:34:16.5189097Z,ProcessImage,CPU_Pass,1302.304,41241816,45679320,4437504,0,0,0
2026-01-13T10:34:16.6628046Z,PhotoViewer,SetImage,104.470,45687544,47009984,1322440,0,0,0
2026-01-13T10:34:16.7393013Z,ProcessImage,Complete,1560.161,41241816,45679320,4437504,15190,1592,100
2026-01-13T10:34:16.8767226Z,ProcessImage,GPU_Pass,6.178,47213768,47238120,24352,0,0,0
2026-01-13T10:34:18.2466272Z,ProcessImage,CPU_Pass,1340.096,47238120,46500376,-737744,0,0,0
2026-01-13T10:34:18.3889472Z,PhotoViewer,SetImage,104.130,46508600,47743672,1235072,0,0,0
2026-01-13T10:34:18.4479852Z,ProcessImage,Complete,1577.434,47213768,46500376,-713392,15223,1597,101
2026-01-13T10:34:18.5934718Z,ProcessImage,GPU_Pass,6.514,47896200,47904424,8224,0,0,0
2026-01-13T10:34:19.9505377Z,ProcessImage,CPU_Pass,1326.025,47928776,46479776,-1449000,0,0,0
2026-01-13T10:34:20.0916006Z,PhotoViewer,SetImage,104.336,46488000,47782840,1294840,0,0,0
2026-01-13T10:34:20.1512044Z,ProcessImage,Complete,1564.326,47896200,46479776,-1416424,15255,1598,101
2026-01-13T10:34:20.2849464Z,ProcessImage,GPU_Pass,6.263,47929064,47929064,0,0,0,0
2026-01-13T10:34:21.6391532Z,ProcessImage,CPU_Pass,1325.701,47929064,47680784,-248280,0,0,0
2026-01-13T10:34:21.7812077Z,PhotoViewer,SetImage,104.840,48104936,47223488,-881448,0,0,0
2026-01-13T10:34:21.8384704Z,ProcessImage,Complete,1559.906,47929064,47680784,-248280,15285,1599,102
2026-01-13T10:34:21.9719743Z,ProcessImage,GPU_Pass,6.339,47393168,47416976,23808,0,0,0
2026-01-13T10:34:23.3397418Z,ProcessImage,CPU_Pass,1337.264,47416976,48756208,1339232,0,0,0
2026-01-13T10:34:23.4841773Z,PhotoViewer,SetImage,105.940,48764432,50029392,1264960,0,0,0
2026-01-13T10:34:23.5412204Z,ProcessImage,Complete,1575.558,47393168,48756208,1363040,15312,1602,103
2026-01-13T10:34:23.6785311Z,ProcessImage,GPU_Pass,5.918,50195640,50195640,0,0,0,0
2026-01-13T10:34:25.0266119Z,ProcessImage,CPU_Pass,1320.877,50228208,49687432,-540776,0,0,0
2026-01-13T10:34:25.1690169Z,PhotoViewer,SetImage,105.489,49695656,50947312,1251656,0,0,0
2026-01-13T10:34:25.2297114Z,ProcessImage,Complete,1557.153,50195640,49687432,-508208,15344,1603,103
2026-01-13T10:34:25.3788270Z,ProcessImage,GPU_Pass,5.997,51077992,51077992,0,0,0,0
2026-01-13T10:34:26.7623344Z,ProcessImage,CPU_Pass,1352.864,51077992,49941792,-1136200,0,0,0
2026-01-13T10:34:26.9032898Z,PhotoViewer,SetImage,103.686,49950016,51226320,1276304,0,0,0
2026-01-13T10:34:26.9619347Z,ProcessImage,Complete,1589.037,51077992,49941792,-1136200,15372,1608,104
2026-01-13T10:34:27.0976034Z,ProcessImage,GPU_Pass,6.127,51340312,51356640,16328,0,0,0
2026-01-13T10:34:28.4730740Z,ProcessImage,CPU_Pass,1348.470,51356640,50163240,-1193400,0,0,0
2026-01-13T10:34:28.6125275Z,PhotoViewer,SetImage,103.373,50163240,51301560,1138320,0,0,0
2026-01-13T10:34:28.6686307Z,ProcessImage,Complete,1577.185,51340312,50163240,-1177072,15401,1610,105
2026-01-13T10:34:28.8006610Z,ProcessImage,GPU_Pass,5.929,51405744,51405744,0,0,0,0
2026-01-13T10:34:30.1735408Z,ProcessImage,CPU_Pass,1344.473,51413968,55439568,4025600,0,0,0
2026-01-13T10:34:30.3122161Z,PhotoViewer,SetImage,103.863,55439568,56850560,1410992,0,0,0
2026-01-13T10:34:30.3704218Z,ProcessImage,Complete,1575.765,51405744,55439568,4033824,15429,1613,106
2026-01-13T10:34:30.5057229Z,ProcessImage,GPU_Pass,7.333,56915072,56915072,0,0,0,0
2026-01-13T10:34:31.8941005Z,ProcessImage,CPU_Pass,1361.419,56939440,52223248,-4716192,0,0,0
2026-01-13T10:34:32.0334614Z,PhotoViewer,SetImage,104.343,52231472,53649864,1418392,0,0,0
2026-01-13T10:34:32.0897670Z,ProcessImage,Complete,1591.417,56915072,52223248,-4691824,15459,1619,107
2026-01-13T10:34:32.2218221Z,ProcessImage,GPU_Pass,6.115,53830240,53830240,0,0,0,0
2026-01-13T10:34:33.5753407Z,ProcessImage,CPU_Pass,1324.691,53846664,56900352,3053688,0,0,0
2026-01-13T10:34:33.7175559Z,PhotoViewer,SetImage,103.945,56908576,58179088,1270512,0,0,0
2026-01-13T10:34:33.7732328Z,ProcessImage,Complete,1557.563,53830240,56900352,3070112,15488,1620,107
2026-01-13T10:34:33.9057867Z,ProcessImage,GPU_Pass,5.920,58310112,58310112,0,0,0,0
2026-01-13T10:34:35.2852248Z,ProcessImage,CPU_Pass,1349.791,58318336,55109208,-3209128,0,0,0
2026-01-13T10:34:35.4441467Z,PhotoViewer,SetImage,103.763,55660736,56815280,1154544,0,0,0
2026-01-13T10:34:35.5015237Z,ProcessImage,Complete,1601.693,58310112,55109208,-3200904,15519,1626,108
2026-01-13T10:34:35.6610178Z,ProcessImage,GPU_Pass,5.823,56921248,56921248,0,0,0,0
2026-01-13T10:34:37.0248191Z,ProcessImage,CPU_Pass,1333.669,56921248,57305384,384136,0,0,0
2026-01-13T10:34:37.1672938Z,PhotoViewer,SetImage,105.006,57313608,58456792,1143184,0,0,0
2026-01-13T10:34:37.2211638Z,ProcessImage,Complete,1566.013,56921248,57305384,384136,15552,1633,109
2026-01-13T10:34:37.3555368Z,ProcessImage,GPU_Pass,6.051,58562224,58562224,0,0,0,0
2026-01-13T10:34:38.7287877Z,ProcessImage,CPU_Pass,1346.049,58570448,63257584,4687136,0,0,0
2026-01-13T10:34:38.8758761Z,PhotoViewer,SetImage,102.614,63527952,64702584,1174632,0,0,0
2026-01-13T10:34:38.9321994Z,ProcessImage,Complete,1582.705,58562224,63257584,4695360,15580,1636,109
2026-01-13T10:34:39.0667633Z,ProcessImage,GPU_Pass,6.278,64775064,64791480,16416,0,0,0
2026-01-13T10:34:40.4861819Z,ProcessImage,CPU_Pass,1390.514,64791480,63306168,-1485312,0,0,0
2026-01-13T10:34:40.6285240Z,PhotoViewer,SetImage,106.217,63363944,64831048,1467104,0,0,0
2026-01-13T10:34:40.6822812Z,ProcessImage,Complete,1621.840,64775064,63306168,-1468896,15609,1650,112
2026-01-13T10:34:40.8159892Z,ProcessImage,GPU_Pass,6.108,64888280,64888280,0,0,0,0
2026-01-13T10:34:42.1853190Z,ProcessImage,CPU_Pass,1341.511,64904424,64903328,-1096,0,0,0
2026-01-13T10:34:42.3282269Z,PhotoViewer,SetImage,107.802,64903328,66202728,1299400,0,0,0
2026-01-13T10:34:42.3825255Z,ProcessImage,Complete,1572.693,64888280,64903328,15048,15638,1654,113
2026-01-13T10:34:42.5170857Z,ProcessImage,GPU_Pass,6.476,66378544,66378544,0,0,0,0
2026-01-13T10:34:43.8881275Z,ProcessImage,CPU_Pass,1340.808,66403088,63636248,-2766840,0,0,0
2026-01-13T10:34:44.0337900Z,PhotoViewer,SetImage,109.242,63636248,64935336,1299088,0,0,0
2026-01-13T10:34:44.0904494Z,ProcessImage,Complete,1579.990,66378544,63636248,-2742296,15670,1656,113
2026-01-13T10:34:44.2260687Z,ProcessImage,GPU_Pass,6.212,65098640,65098640,0,0,0,0
2026-01-13T10:34:45.6159213Z,ProcessImage,CPU_Pass,1360.443,65098640,67243544,2144904,0,0,0
2026-01-13T10:34:45.7644220Z,PhotoViewer,SetImage,112.975,67251768,68549120,1297352,0,0,0
2026-01-13T10:34:45.8401484Z,ProcessImage,Complete,1620.338,65098640,67243544,2144904,15699,1657,113
2026-01-13T10:34:45.9753098Z,ProcessImage,GPU_Pass,6.250,68726288,68726288,0,0,0,0
2026-01-13T10:34:47.3608015Z,ProcessImage,CPU_Pass,1356.573,68758472,68844512,86040,0,0,0
2026-01-13T10:34:47.5095256Z,PhotoViewer,SetImage,112.600,68844512,70243552,1399040,0,0,0
2026-01-13T10:34:47.5664435Z,ProcessImage,Complete,1597.414,68726288,68844512,118224,15728,1660,114
2026-01-13T10:34:47.7042969Z,ProcessImage,GPU_Pass,6.447,70398496,70398496,0,0,0,0
2026-01-13T10:34:49.0913494Z,ProcessImage,CPU_Pass,1358.387,70423088,69490304,-932784,0,0,0
2026-01-13T10:34:49.2396524Z,PhotoViewer,SetImage,112.177,69498528,70903992,1405464,0,0,0
2026-01-13T10:34:49.3160580Z,ProcessImage,Complete,1618.369,70398496,69490304,-908192,15759,1666,115
2026-01-13T10:34:49.4677321Z,ProcessImage,GPU_Pass,6.430,71128160,71128160,0,0,0,0
2026-01-13T10:34:50.8425424Z,ProcessImage,CPU_Pass,1344.369,71128160,73625000,2496840,0,0,0
2026-01-13T10:34:50.9898347Z,PhotoViewer,SetImage,112.898,73633224,75087160,1453936,0,0,0
2026-01-13T10:34:51.0457285Z,ProcessImage,Complete,1584.479,71128160,73625000,2496840,15787,1668,116
2026-01-13T10:34:51.1791137Z,ProcessImage,GPU_Pass,6.080,75152480,75152480,0,0,0,0
2026-01-13T10:34:52.5659772Z,ProcessImage,CPU_Pass,1359.823,75168904,73282888,-1886016,0,0,0
2026-01-13T10:34:52.7176812Z,PhotoViewer,SetImage,114.296,73282888,74600024,1317136,0,0,0
2026-01-13T10:34:52.7775384Z,ProcessImage,Complete,1604.563,75152480,73282888,-1869592,15817,1671,117
2026-01-13T10:34:52.9222561Z,ProcessImage,GPU_Pass,6.371,74783968,74783968,0,0,0,0
2026-01-13T10:34:54.3320075Z,ProcessImage,CPU_Pass,1379.221,74815424,74576944,-238480,0,0,0
2026-01-13T10:34:54.4822993Z,PhotoViewer,SetImage,112.960,74576944,76131344,1554400,0,0,0
2026-01-13T10:34:54.5389889Z,ProcessImage,Complete,1623.156,74783968,74576944,-207024,15848,1675,117
2026-01-13T10:34:54.6728670Z,ProcessImage,GPU_Pass,6.137,76171888,76171888,0,0,0,0
2026-01-13T10:34:56.0656748Z,ProcessImage,CPU_Pass,1365.562,76204456,75511688,-692768,0,0,0
2026-01-13T10:34:56.2150619Z,PhotoViewer,SetImage,113.109,75527880,76990832,1462952,0,0,0
2026-01-13T10:34:56.2738495Z,ProcessImage,Complete,1607.081,76171888,75511688,-660200,15875,1680,118
2026-01-13T10:34:56.4058442Z,ProcessImage,GPU_Pass,6.624,77063504,77063504,0,0,0,0
2026-01-13T10:34:57.7852438Z,ProcessImage,CPU_Pass,1348.755,77088104,80065536,2977432,0,0,0
2026-01-13T10:34:57.9365568Z,PhotoViewer,SetImage,114.406,80065536,81532920,1467384,0,0,0
2026-01-13T10:34:57.9955102Z,ProcessImage,Complete,1596.295,77063504,80065536,3002032,15906,1681,118
2026-01-13T10:34:58.1256532Z,ProcessImage,GPU_Pass,6.165,81589664,81589664,0,0,0,0
2026-01-13T10:34:59.7917692Z,ProcessImage,CPU_Pass,1616.672,81621384,80685072,-936312,0,0,0
2026-01-13T10:34:59.9402944Z,PhotoViewer,SetImage,115.535,80693296,78171560,-2521736,0,0,0
2026-01-13T10:34:59.9923163Z,ProcessImage,Complete,1872.839,81589664,80685072,-904592,15937,1686,119
2026-01-13T10:35:00.1277273Z,ProcessImage,GPU_Pass,8.022,78428472,78436664,8192,0,0,0
2026-01-13T10:35:01.4770163Z,ProcessImage,CPU_Pass,1321.824,78493752,83985424,5491672,0,0,0
2026-01-13T10:35:01.6296740Z,PhotoViewer,SetImage,118.058,84418824,85531104,1112280,0,0,0
2026-01-13T10:35:01.7067324Z,ProcessImage,Complete,1587.139,78428472,83985424,5556952,15966,1687,119
2026-01-13T10:35:01.8772480Z,ProcessImage,GPU_Pass,6.785,85727336,85727336,0,0,0,0
2026-01-13T10:35:03.1988860Z,ProcessImage,CPU_Pass,1289.744,85768176,87583784,1815608,0,0,0
2026-01-13T10:35:03.4123644Z,PhotoViewer,SetImage,110.945,88067024,89204864,1137840,0,0,0
2026-01-13T10:35:03.4642863Z,ProcessImage,Complete,1593.902,85727336,87583784,1856448,15997,1688,119
2026-01-13T10:35:03.5879300Z,ProcessImage,GPU_Pass,5.831,81131448,81131448,0,0,0,0
2026-01-13T10:35:04.9263699Z,ProcessImage,CPU_Pass,1309.791,81139672,80690208,-449464,0,0,0
2026-01-13T10:35:05.0646574Z,PhotoViewer,SetImage,107.197,80698432,81828544,1130112,0,0,0
2026-01-13T10:35:05.1196678Z,ProcessImage,Complete,1537.608,81131448,80690208,-441240,16031,1694,120
2026-01-13T10:35:05.2419089Z,ProcessImage,GPU_Pass,5.826,81989840,81989840,0,0,0,0
2026-01-13T10:35:06.5333264Z,ProcessImage,CPU_Pass,1266.568,81998016,84906832,2908816,0,0,0
2026-01-13T10:35:06.6730725Z,PhotoViewer,SetImage,106.040,85234376,86575600,1341224,0,0,0
2026-01-13T10:35:06.7220329Z,ProcessImage,Complete,1485.976,81989840,84906832,2916992,16060,1697,121
2026-01-13T10:35:06.8437731Z,ProcessImage,GPU_Pass,5.468,86681616,86681616,0,0,0,0
2026-01-13T10:35:08.1325200Z,ProcessImage,CPU_Pass,1264.585,86688336,88190120,1501784,0,0,0
2026-01-13T10:35:08.2635050Z,PhotoViewer,SetImage,99.510,88198344,89761216,1562872,0,0,0
2026-01-13T10:35:08.3148433Z,ProcessImage,Complete,1476.505,86681616,88190120,1508504,16094,1701,121
2026-01-13T10:35:08.4343626Z,ProcessImage,GPU_Pass,6.838,89907984,89907984,0,0,0,0
2026-01-13T10:35:09.7383403Z,ProcessImage,CPU_Pass,1279.190,89924432,87121880,-2802552,0,0,0
2026-01-13T10:35:09.8728478Z,PhotoViewer,SetImage,98.348,85806360,87185160,1378800,0,0,0
2026-01-13T10:35:09.9227658Z,ProcessImage,Complete,1495.264,89907984,87121880,-2786104,16125,1703,122
2026-01-13T10:35:10.0419290Z,ProcessImage,GPU_Pass,5.683,87272320,87272320,0,0,0,0
2026-01-13T10:35:11.3282905Z,ProcessImage,CPU_Pass,1260.029,87280544,91357624,4077080,0,0,0
2026-01-13T10:35:11.4589147Z,PhotoViewer,SetImage,98.755,91357624,92731400,1373776,0,0,0
2026-01-13T10:35:11.5135539Z,ProcessImage,Complete,1477.351,87272320,91357624,4085304,16154,1708,122
2026-01-13T10:35:11.6329189Z,ProcessImage,GPU_Pass,6.001,92885152,92885152,0,0,0,0
2026-01-13T10:35:12.9082423Z,ProcessImage,CPU_Pass,1250.235,92885152,95626456,2741304,0,0,0
2026-01-13T10:35:13.0410022Z,PhotoViewer,SetImage,99.781,95634680,96988728,1354048,0,0,0
2026-01-13T10:35:13.0923072Z,ProcessImage,Complete,1465.424,92885152,95626456,2741304,16184,1710,122
2026-01-13T10:35:13.2138007Z,ProcessImage,GPU_Pass,5.651,97162200,97162200,0,0,0,0
2026-01-13T10:35:14.4884919Z,ProcessImage,CPU_Pass,1249.145,97162200,93700784,-3461416,0,0,0
2026-01-13T10:35:14.6190894Z,PhotoViewer,SetImage,97.853,93700784,93098224,-602560,0,0,0
2026-01-13T10:35:14.6705932Z,ProcessImage,Complete,1462.491,97162200,93700784,-3461416,16218,1722,123
2026-01-13T10:35:14.7882357Z,ProcessImage,GPU_Pass,5.667,93411784,93436424,24640,0,0,0
2026-01-13T10:35:16.0548166Z,ProcessImage,CPU_Pass,1242.513,93436424,92881536,-554888,0,0,0
2026-01-13T10:35:16.1841820Z,PhotoViewer,SetImage,97.942,92889760,94249288,1359528,0,0,0
2026-01-13T10:35:16.2350392Z,ProcessImage,Complete,1452.493,93411784,92881536,-530248,16246,1726,124
2026-01-13T10:35:16.3540761Z,ProcessImage,GPU_Pass,5.859,94410168,94410168,0,0,0,0
2026-01-13T10:35:17.6293764Z,ProcessImage,CPU_Pass,1250.037,94410168,97091864,2681696,0,0,0
2026-01-13T10:35:17.7610602Z,PhotoViewer,SetImage,100.604,97091864,98458368,1366504,0,0,0
2026-01-13T10:35:17.8126172Z,ProcessImage,Complete,1464.320,94410168,97091864,2681696,16276,1730,125
2026-01-13T10:35:17.9326603Z,ProcessImage,GPU_Pass,5.564,98644008,98644008,0,0,0,0
2026-01-13T10:35:19.2409603Z,ProcessImage,CPU_Pass,1283.421,98644008,96836400,-1807608,0,0,0
2026-01-13T10:35:19.3717294Z,PhotoViewer,SetImage,99.360,96844624,98211128,1366504,0,0,0
2026-01-13T10:35:19.4447445Z,ProcessImage,Complete,1517.669,98644008,96836400,-1807608,16307,1733,126
2026-01-13T10:35:19.5628180Z,ProcessImage,GPU_Pass,5.961,98374600,98374600,0,0,0,0
2026-01-13T10:35:21.3938265Z,ProcessImage,CPU_Pass,1804.891,98382824,100841088,2458264,0,0,0
2026-01-13T10:35:21.6458200Z,PhotoViewer,SetImage,112.643,93631976,95240000,1608024,0,0,0
2026-01-13T10:35:21.7069365Z,ProcessImage,Complete,2150.102,98374600,100841088,2466488,16339,1741,127
2026-01-13T10:35:21.8731122Z,ProcessImage,GPU_Pass,7.383,95338168,95338168,0,0,0,0
2026-01-13T10:35:23.2526635Z,ProcessImage,CPU_Pass,1349.844,95338168,98500488,3162320,0,0,0
2026-01-13T10:35:23.3943241Z,PhotoViewer,SetImage,102.267,99023136,100302680,1279544,0,0,0
2026-01-13T10:35:23.4518857Z,ProcessImage,Complete,1586.251,95338168,98500488,3162320,16368,1747,127
2026-01-13T10:35:23.5899589Z,ProcessImage,GPU_Pass,5.973,100360104,100360104,0,0,0,0
2026-01-13T10:35:25.1093068Z,ProcessImage,CPU_Pass,1483.343,100376392,103493336,3116944,0,0,0
2026-01-13T10:35:25.2525420Z,PhotoViewer,SetImage,103.081,103509784,105022352,1512568,0,0,0
2026-01-13T10:35:25.3086909Z,ProcessImage,Complete,1724.764,100360104,103493336,3133232,16396,1760,128
2026-01-13T10:35:25.4488580Z,ProcessImage,GPU_Pass,5.953,105070896,105070896,0,0,0,0
2026-01-13T10:35:26.8731261Z,ProcessImage,CPU_Pass,1372.563,105095176,107871216,2776040,0,0,0
2026-01-13T10:35:27.0370403Z,PhotoViewer,SetImage,105.966,107928488,101119616,-6808872,0,0,0
2026-01-13T10:35:27.0968520Z,ProcessImage,Complete,1653.988,105070896,107871216,2800320,16428,1770,129
2026-01-13T10:35:27.2436745Z,ProcessImage,GPU_Pass,6.051,101420664,101445296,24632,0,0,0
2026-01-13T10:35:28.6552430Z,ProcessImage,CPU_Pass,1380.865,101445296,110269880,8824584,0,0,0
2026-01-13T10:35:28.7985217Z,PhotoViewer,SetImage,103.644,110326016,112093016,1767000,0,0,0
2026-01-13T10:35:28.8567732Z,ProcessImage,Complete,1619.209,101420664,110269880,8849216,16455,1772,129
2026-01-13T10:35:28.9898194Z,ProcessImage,GPU_Pass,5.926,112141864,112141864,0,0,0,0
2026-01-13T10:35:30.3906674Z,ProcessImage,CPU_Pass,1372.296,112173680,106852632,-5321048,0,0,0
2026-01-13T10:35:30.5306971Z,PhotoViewer,SetImage,103.035,106852632,108392072,1539440,0,0,0
2026-01-13T10:35:30.5894648Z,ProcessImage,Complete,1605.614,112141864,106852632,-5289232,16486,1775,130
2026-01-13T10:35:30.7292689Z,ProcessImage,GPU_Pass,6.289,108545944,108554168,8224,0,0,0
2026-01-13T10:35:32.1007733Z,ProcessImage,CPU_Pass,1345.006,108561848,108288864,-272984,0,0,0
2026-01-13T10:35:32.2404413Z,PhotoViewer,SetImage,102.984,108288864,109701168,1412304,0,0,0
2026-01-13T10:35:32.2939239Z,ProcessImage,Complete,1570.981,108545944,108288864,-257080,16523,1781,131
2026-01-13T10:35:32.4298339Z,ProcessImage,GPU_Pass,6.104,109815200,109823392,8192,0,0,0
2026-01-13T10:35:33.7669709Z,ProcessImage,CPU_Pass,1310.715,109823392,115200048,5376656,0,0,0
2026-01-13T10:35:33.9052716Z,PhotoViewer,SetImage,102.882,115208272,116617920,1409648,0,0,0
2026-01-13T10:35:33.9836171Z,ProcessImage,Complete,1559.978,109815200,115200048,5384848,16552,1782,131
2026-01-13T10:35:34.1180637Z,ProcessImage,GPU_Pass,6.947,116829240,116853608,24368,0,0,0
2026-01-13T10:35:35.4922050Z,ProcessImage,CPU_Pass,1346.492,116853608,111445136,-5408472,0,0,0
2026-01-13T10:35:35.6299196Z,PhotoViewer,SetImage,104.720,111453360,113133544,1680184,0,0,0
2026-01-13T10:35:35.6866426Z,ProcessImage,Complete,1575.579,116829240,111445136,-5384104,16581,1790,133
2026-01-13T10:35:35.8172970Z,ProcessImage,GPU_Pass,6.352,113288376,113288376,0,0,0,0
2026-01-13T10:35:37.1470384Z,ProcessImage,CPU_Pass,1302.261,113304824,123952488,10647664,0,0,0
2026-01-13T10:35:37.2932763Z,PhotoViewer,SetImage,106.470,124015736,125516016,1500280,0,0,0
2026-01-13T10:35:37.3463869Z,ProcessImage,Complete,1535.477,113288376,123952488,10664112,16613,1792,133
2026-01-13T10:35:37.4865475Z,ProcessImage,GPU_Pass,6.342,125578240,125578240,0,0,0,0
2026-01-13T10:35:38.8477693Z,ProcessImage,CPU_Pass,1332.162,125611040,117165856,-8445184,0,0,0
2026-01-13T10:35:38.9986911Z,PhotoViewer,SetImage,111.656,117174080,118579952,1405872,0,0,0
2026-01-13T10:35:39.0596720Z,ProcessImage,Complete,1579.517,125578240,117165856,-8412384,16644,1801,134
2026-01-13T10:35:39.2008032Z,ProcessImage,GPU_Pass,6.196,118735472,118735472,0,0,0,0
2026-01-13T10:35:40.5727424Z,ProcessImage,CPU_Pass,1341.086,118776544,117989200,-787344,0,0,0
2026-01-13T10:35:40.7310270Z,PhotoViewer,SetImage,119.479,117997424,119399248,1401824,0,0,0
2026-01-13T10:35:40.7853911Z,ProcessImage,Complete,1590.840,118735472,117989200,-746272,16686,1806,135
2026-01-13T10:35:40.9171453Z,ProcessImage,GPU_Pass,6.047,119538488,119538488,0,0,0,0
2026-01-13T10:35:42.2791853Z,ProcessImage,CPU_Pass,1333.751,119538488,121468184,1929696,0,0,0
2026-01-13T10:35:42.4508310Z,PhotoViewer,SetImage,114.978,121909576,121449768,-459808,0,0,0
2026-01-13T10:35:42.5086431Z,ProcessImage,Complete,1597.593,119538488,121468184,1929696,16714,1808,136
2026-01-13T10:35:42.6489951Z,ProcessImage,GPU_Pass,6.483,121840656,121840656,0,0,0,0
2026-01-13T10:35:44.0344653Z,ProcessImage,CPU_Pass,1354.739,121840656,122351360,510704,0,0,0
2026-01-13T10:35:44.1815792Z,PhotoViewer,SetImage,111.357,122359584,124063464,1703880,0,0,0
2026-01-13T10:35:44.2391290Z,ProcessImage,Complete,1596.707,121840656,122351360,510704,16745,1811,137
2026-01-13T10:35:44.3749688Z,ProcessImage,GPU_Pass,6.307,122268208,122268208,0,0,0,0
2026-01-13T10:35:45.7093111Z,ProcessImage,CPU_Pass,1305.775,122551656,132820704,10269048,0,0,0
2026-01-13T10:35:45.8625965Z,PhotoViewer,SetImage,113.614,132885288,128608504,-4276784,0,0,0
2026-01-13T10:35:45.9214377Z,ProcessImage,Complete,1552.845,122268208,132820704,10552496,16781,1816,137
2026-01-13T10:35:46.0657360Z,ProcessImage,GPU_Pass,7.303,128690784,128690784,0,0,0,0
2026-01-13T10:35:47.4078854Z,ProcessImage,CPU_Pass,1311.509,128690784,132239776,3548992,0,0,0
2026-01-13T10:35:47.5632743Z,PhotoViewer,SetImage,115.129,132256224,133664152,1407928,0,0,0
2026-01-13T10:35:47.6462822Z,ProcessImage,Complete,1587.896,128690784,132239776,3548992,16810,1822,137
2026-01-13T10:35:47.7778116Z,ProcessImage,GPU_Pass,6.453,133846696,133863120,16424,0,0,0
2026-01-13T10:35:49.1054061Z,ProcessImage,CPU_Pass,1298.205,133863120,134203184,340064,0,0,0
2026-01-13T10:35:49.2595571Z,PhotoViewer,SetImage,114.442,134211408,135634928,1423520,0,0,0
2026-01-13T10:35:49.3165592Z,ProcessImage,Complete,1545.165,133846696,134203184,356488,16841,1825,137
2026-01-13T10:35:49.4512408Z,ProcessImage,GPU_Pass,6.622,135777016,135777016,0,0,0,0
2026-01-13T10:35:50.7774163Z,ProcessImage,CPU_Pass,1297.370,135779624,137780280,2000656,0,0,0
2026-01-13T10:35:50.9286583Z,PhotoViewer,SetImage,114.204,137780280,139909160,2128880,0,0,0
2026-01-13T10:35:50.9869536Z,ProcessImage,Complete,1542.376,135777016,137780280,2003264,16877,1827,137
2026-01-13T10:35:51.1175731Z,ProcessImage,GPU_Pass,6.337,139966400,139966400,0,0,0,0
2026-01-13T10:35:52.4857240Z,ProcessImage,CPU_Pass,1340.400,139982712,143116944,3134232,0,0,0
2026-01-13T10:35:52.6355498Z,PhotoViewer,SetImage,112.071,143116944,144532440,1415496,0,0,0
2026-01-13T10:35:52.6935422Z,ProcessImage,Complete,1582.458,139966400,143116944,3150544,16907,1832,137
2026-01-13T10:35:52.8251322Z,ProcessImage,GPU_Pass,6.064,144687296,144687296,0,0,0,0
2026-01-13T10:35:54.1865091Z,ProcessImage,CPU_Pass,1333.129,144695520,145879032,1183512,0,0,0
2026-01-13T10:35:54.3329044Z,PhotoViewer,SetImage,110.622,145887256,147295960,1408704,0,0,0
2026-01-13T10:35:54.3940865Z,ProcessImage,Complete,1575.057,144687296,145879032,1191736,16946,1834,137
2026-01-13T10:35:54.5357871Z,ProcessImage,GPU_Pass,6.351,147432496,147432496,0,0,0,0
2026-01-13T10:35:55.8731698Z,ProcessImage,CPU_Pass,1309.338,147440720,154635184,7194464,0,0,0
2026-01-13T10:35:56.0266540Z,PhotoViewer,SetImage,114.879,154643408,156177360,1533952,0,0,0
2026-01-13T10:35:56.0814249Z,ProcessImage,Complete,1552.024,147432496,154635184,7202688,16978,1837,137
2026-01-13T10:35:56.2176627Z,ProcessImage,GPU_Pass,7.540,156241744,156266344,24600,0,0,0
2026-01-13T10:35:57.5781830Z,ProcessImage,CPU_Pass,1331.615,156266344,154689552,-1576792,0,0,0
2026-01-13T10:35:57.7265347Z,PhotoViewer,SetImage,109.552,154689552,156113768,1424216,0,0,0
2026-01-13T10:35:57.7846163Z,ProcessImage,Complete,1574.539,156241744,154689552,-1552192,17012,1838,137
2026-01-13T10:35:57.9216282Z,ProcessImage,GPU_Pass,6.041,156282416,156282416,0,0,0,0
2026-01-13T10:35:59.2883743Z,ProcessImage,CPU_Pass,1337.004,156282416,159249800,2967384,0,0,0
2026-01-13T10:35:59.4358875Z,PhotoViewer,SetImage,111.114,159249800,160681712,1431912,0,0,0
2026-01-13T10:35:59.4961044Z,ProcessImage,Complete,1580.568,156282416,159249800,2967384,17046,1840,137
2026-01-13T10:35:59.6436760Z,ProcessImage,GPU_Pass,6.381,160804208,160804208,0,0,0,0
2026-01-13T10:36:00.9825120Z,ProcessImage,CPU_Pass,1307.694,160804208,162490792,1686584,0,0,0
2026-01-13T10:36:01.1450076Z,PhotoViewer,SetImage,104.903,163488984,164688880,1199896,0,0,0
2026-01-13T10:36:01.2022569Z,ProcessImage,Complete,1564.615,160804208,162490792,1686584,17079,1843,137
2026-01-13T10:36:01.3395478Z,ProcessImage,GPU_Pass,5.970,164738088,164778720,40632,0,0,0
2026-01-13T10:36:02.6939192Z,ProcessImage,CPU_Pass,1324.003,164778720,167525352,2746632,0,0,0
2026-01-13T10:36:02.8351079Z,PhotoViewer,SetImage,104.753,167533576,168967424,1433848,0,0,0
2026-01-13T10:36:02.8946297Z,ProcessImage,Complete,1561.121,164738088,167525352,2787264,17115,1845,137
2026-01-13T10:36:03.0298457Z,ProcessImage,GPU_Pass,6.128,169102672,169102672,0,0,0,0
2026-01-13T10:36:04.4668055Z,ProcessImage,CPU_Pass,1409.604,169110896,173456576,4345680,0,0,0
2026-01-13T10:36:04.6090172Z,PhotoViewer,SetImage,104.452,173464800,175020080,1555280,0,0,0
2026-01-13T10:36:04.6641401Z,ProcessImage,Complete,1640.479,169102672,173456576,4353904,17149,1847,137
2026-01-13T10:36:04.7988348Z,ProcessImage,GPU_Pass,5.950,175076496,175076496,0,0,0,0
2026-01-13T10:36:06.1217151Z,ProcessImage,CPU_Pass,1294.245,175092912,177023056,1930144,0,0,0
2026-01-13T10:36:06.2680370Z,PhotoViewer,SetImage,104.245,177355048,172756864,-4598184,0,0,0
2026-01-13T10:36:06.3217492Z,ProcessImage,Complete,1528.904,175076496,177023056,1946560,17180,1849,137
2026-01-13T10:36:06.4526799Z,ProcessImage,GPU_Pass,6.085,173215312,173215312,0,0,0,0
2026-01-13T10:36:07.7973923Z,ProcessImage,CPU_Pass,1315.147,173231072,172965896,-265176,0,0,0
2026-01-13T10:36:07.9603848Z,PhotoViewer,SetImage,104.734,173687712,174882648,1194936,0,0,0
2026-01-13T10:36:08.0180604Z,ProcessImage,Complete,1571.554,173215312,172965896,-249416,17208,1854,137
2026-01-13T10:36:08.1535740Z,ProcessImage,GPU_Pass,5.732,174964336,174964336,0,0,0,0
2026-01-13T10:36:09.4877277Z,ProcessImage,CPU_Pass,1303.404,174964336,184381080,9416744,0,0,0
2026-01-13T10:36:09.6290851Z,PhotoViewer,SetImage,103.480,184381080,185832128,1451048,0,0,0
2026-01-13T10:36:09.6843823Z,ProcessImage,Complete,1536.583,174964336,184381080,9416744,17238,1857,137
2026-01-13T10:36:10.3725642Z,ProcessImage,GPU_Pass,6.302,186586504,186594416,7912,0,0,0
2026-01-13T10:36:11.7914620Z,ProcessImage,CPU_Pass,1390.899,186675944,184292288,-2383656,0,0,0
2026-01-13T10:36:11.9288425Z,PhotoViewer,SetImage,94.400,185020648,186200432,1179784,0,0,0
2026-01-13T10:36:11.9913893Z,ProcessImage,Complete,1625.213,186586504,184292288,-2294216,17268,1861,137
2026-01-13T10:36:12.1828376Z,ProcessImage,GPU_Pass,14.643,186298368,186306592,8224,0,0,0
2026-01-13T10:36:13.5238990Z,ProcessImage,CPU_Pass,1306.401,186306592,185266784,-1039808,0,0,0
2026-01-13T10:36:13.6610734Z,PhotoViewer,SetImage,99.534,185275008,187010336,1735328,0,0,0
2026-01-13T10:36:13.7270420Z,ProcessImage,Complete,1558.890,186298368,185266784,-1031584,17307,1865,137
2026-01-13T10:36:13.9051794Z,ProcessImage,GPU_Pass,5.049,187220264,187220264,0,0,0,0
2026-01-13T10:36:15.2416370Z,ProcessImage,CPU_Pass,1302.239,187220264,191162008,3941744,0,0,0
2026-01-13T10:36:15.3818334Z,PhotoViewer,SetImage,101.301,191162008,192915760,1753752,0,0,0
2026-01-13T10:36:15.4470207Z,ProcessImage,Complete,1546.936,187220264,191162008,3941744,17346,1869,137
2026-01-13T10:36:15.6174119Z,ProcessImage,GPU_Pass,5.356,193144200,193144200,0,0,0,0
2026-01-13T10:36:16.9491530Z,ProcessImage,CPU_Pass,1300.430,193144200,197015216,3871016,0,0,0
2026-01-13T10:36:17.0954395Z,PhotoViewer,SetImage,101.404,197023440,198488264,1464824,0,0,0
2026-01-13T10:36:17.1757294Z,ProcessImage,Complete,1563.589,193144200,197015216,3871016,17376,1871,137
2026-01-13T10:36:17.3576514Z,ProcessImage,GPU_Pass,5.222,198713504,198713504,0,0,0,0
2026-01-13T10:36:18.6908756Z,ProcessImage,CPU_Pass,1302.457,198713504,201052320,2338816,0,0,0
2026-01-13T10:36:18.8393693Z,PhotoViewer,SetImage,105.352,201060544,202522168,1461624,0,0,0
2026-01-13T10:36:18.9047169Z,ProcessImage,Complete,1552.338,198713504,201052320,2338816,17405,1874,137
2026-01-13T10:36:19.0986890Z,ProcessImage,GPU_Pass,5.089,202763896,202763896,0,0,0,0
2026-01-13T10:36:20.5129452Z,ProcessImage,CPU_Pass,1382.075,202772064,201913440,-858624,0,0,0
2026-01-13T10:36:20.6625476Z,PhotoViewer,SetImage,105.932,201921664,203373280,1451616,0,0,0
2026-01-13T10:36:20.7320481Z,ProcessImage,Complete,1638.647,202763896,201913440,-850456,17435,1878,137
2026-01-13T10:36:20.9327837Z,ProcessImage,GPU_Pass,5.195,203610216,203618328,8112,0,0,0
2026-01-13T10:36:22.2973933Z,ProcessImage,CPU_Pass,1328.947,203618328,211365864,7747536,0,0,0
2026-01-13T10:36:22.4453087Z,PhotoViewer,SetImage,106.023,211365864,212834960,1469096,0,0,0
2026-01-13T10:36:22.5128514Z,ProcessImage,Complete,1585.305,203610216,211365864,7755648,17473,1880,137
2026-01-13T10:36:22.7064113Z,ProcessImage,GPU_Pass,5.204,213109656,213109656,0,0,0,0
2026-01-13T10:36:24.0881856Z,ProcessImage,CPU_Pass,1348.624,213109656,209117336,-3992320,0,0,0
2026-01-13T10:36:24.2368142Z,PhotoViewer,SetImage,108.288,209576896,210981912,1405016,0,0,0
2026-01-13T10:36:24.3056213Z,ProcessImage,Complete,1604.469,213109656,209117336,-3992320,17502,1883,137
2026-01-13T10:36:24.5011232Z,ProcessImage,GPU_Pass,6.282,211122752,211122752,0,0,0,0
2026-01-13T10:36:25.8635047Z,ProcessImage,CPU_Pass,1327.130,211197152,218215344,7018192,0,0,0
2026-01-13T10:36:26.0146629Z,PhotoViewer,SetImage,109.936,218223568,219692112,1468544,0,0,0
2026-01-13T10:36:26.0814639Z,ProcessImage,Complete,1586.547,211122752,218215344,7092592,17541,1885,137
2026-01-13T10:36:26.2665629Z,ProcessImage,GPU_Pass,5.116,219893968,219958272,64304,0,0,0
2026-01-13T10:36:27.6196749Z,ProcessImage,CPU_Pass,1321.877,219958272,217519584,-2438688,0,0,0
2026-01-13T10:36:27.7666034Z,PhotoViewer,SetImage,106.515,217527808,218977720,1449912,0,0,0
2026-01-13T10:36:27.8543766Z,ProcessImage,Complete,1592.986,219893968,217519584,-2374384,17574,1891,137
2026-01-13T10:36:28.0466403Z,ProcessImage,GPU_Pass,4.962,219282992,219282992,0,0,0,0
2026-01-13T10:36:29.4625812Z,ProcessImage,CPU_Pass,1378.070,219282992,222920872,3637880,0,0,0
2026-01-13T10:36:29.6143028Z,PhotoViewer,SetImage,108.789,222929096,224385880,1456784,0,0,0
2026-01-13T10:36:29.6800786Z,ProcessImage,Complete,1638.458,219282992,222920872,3637880,17623,1897,137
2026-01-13T10:36:29.8854868Z,ProcessImage,GPU_Pass,5.425,224673160,224673160,0,0,0,0
2026-01-13T10:36:31.3335354Z,ProcessImage,CPU_Pass,1412.428,224681360,226167752,1486392,0,0,0
2026-01-13T10:36:31.4893647Z,PhotoViewer,SetImage,112.856,226175976,227615320,1439344,0,0,0
2026-01-13T10:36:31.5688357Z,ProcessImage,Complete,1688.815,224673160,226167752,1494592,17659,1901,137
2026-01-13T10:36:31.8128912Z,ProcessImage,GPU_Pass,8.006,227819032,227819032,0,0,0,0
2026-01-13T10:36:33.3858387Z,ProcessImage,CPU_Pass,1530.158,227906184,230435432,2529248,0,0,0
2026-01-13T10:36:33.5417762Z,PhotoViewer,SetImage,110.916,230443656,231907656,1464000,0,0,0
2026-01-13T10:36:33.6166936Z,ProcessImage,Complete,1811.927,227819032,230435432,2616400,17688,1906,137
2026-01-13T10:36:33.8178604Z,ProcessImage,GPU_Pass,5.645,232164680,232164680,0,0,0,0
2026-01-13T10:36:35.1904628Z,ProcessImage,CPU_Pass,1339.472,232164680,234409296,2244616,0,0,0
2026-01-13T10:36:35.3367341Z,PhotoViewer,SetImage,102.826,234528168,236819688,2291520,0,0,0
2026-01-13T10:36:35.4056335Z,ProcessImage,Complete,1593.422,232164680,234409296,2244616,17723,1909,137
2026-01-13T10:36:35.5980745Z,ProcessImage,GPU_Pass,5.336,237120600,237120600,0,0,0,0
2026-01-13T10:36:36.9685098Z,ProcessImage,CPU_Pass,1340.722,237120600,241452104,4331504,0,0,0
2026-01-13T10:36:37.1244465Z,PhotoViewer,SetImage,106.249,240487504,241976944,1489440,0,0,0
2026-01-13T10:36:37.2007954Z,ProcessImage,Complete,1608.029,237120600,241452104,4331504,17755,1914,137
2026-01-13T10:36:37.4035891Z,ProcessImage,GPU_Pass,5.551,242134640,242134640,0,0,0,0
2026-01-13T10:36:38.7440500Z,ProcessImage,CPU_Pass,1310.559,242208464,242929752,721288,0,0,0
2026-01-13T10:36:38.8867547Z,PhotoViewer,SetImage,100.484,243691848,245618792,1926944,0,0,0
2026-01-13T10:36:38.9483411Z,ProcessImage,Complete,1550.362,242134640,242929752,795112,17791,1917,137
2026-01-13T10:36:39.1255166Z,ProcessImage,GPU_Pass,4.964,245938616,245938616,0,0,0,0
2026-01-13T10:36:40.4897210Z,ProcessImage,CPU_Pass,1337.431,245938616,250372808,4434192,0,0,0
2026-01-13T10:36:40.6361685Z,PhotoViewer,SetImage,107.487,250372808,251827816,1455008,0,0,0
2026-01-13T10:36:40.7111462Z,ProcessImage,Complete,1590.730,245938616,250372808,4434192,17833,1921,137
2026-01-13T10:36:40.8984345Z,ProcessImage,GPU_Pass,5.308,252100304,252100304,0,0,0,0
2026-01-13T10:36:42.2658152Z,ProcessImage,CPU_Pass,1337.895,252100304,257279816,5179512,0,0,0
2026-01-13T10:36:42.4047299Z,PhotoViewer,SetImage,100.475,257288040,259092648,1804608,0,0,0
2026-01-13T10:36:42.4655821Z,ProcessImage,Complete,1572.533,252100304,257279816,5179512,17876,1924,137
2026-01-13T10:36:42.6393939Z,ProcessImage,GPU_Pass,5.204,259332824,259332824,0,0,0,0
2026-01-13T10:36:43.9551030Z,ProcessImage,CPU_Pass,1284.586,259332824,258960648,-372176,0,0,0
2026-01-13T10:36:44.1205532Z,PhotoViewer,SetImage,103.534,259648472,260817960,1169488,0,0,0
2026-01-13T10:36:44.1887483Z,ProcessImage,Complete,1554.603,259332824,258960648,-372176,17916,1928,137
2026-01-13T10:36:44.3604490Z,ProcessImage,GPU_Pass,5.406,260985416,260985416,0,0,0,0
2026-01-13T10:36:45.6959482Z,ProcessImage,CPU_Pass,1305.288,261049360,261868464,819104,0,0,0
2026-01-13T10:36:45.8346797Z,PhotoViewer,SetImage,100.046,262653432,263830336,1176904,0,0,0
2026-01-13T10:36:45.8963457Z,ProcessImage,Complete,1541.342,260985416,261868464,883048,17955,1930,137
2026-01-13T10:36:46.6040068Z,ProcessImage,GPU_Pass,8.099,263000080,263000080,0,0,0,0
2026-01-13T10:36:47.9346591Z,ProcessImage,CPU_Pass,1298.636,263114024,264811928,1697904,0,0,0
2026-01-13T10:36:48.0909229Z,PhotoViewer,SetImage,101.652,264939040,265349000,409960,0,0,0
2026-01-13T10:36:48.1467040Z,ProcessImage,Complete,1550.855,263000080,264811928,1811848,17998,1934,137
2026-01-13T10:36:48.2788747Z,ProcessImage,GPU_Pass,5.154,265870688,265870688,0,0,0,0
2026-01-13T10:36:49.5977115Z,ProcessImage,CPU_Pass,1291.450,265878808,270294640,4415832,0,0,0
2026-01-13T10:36:49.7573003Z,PhotoViewer,SetImage,120.579,270302864,272599872,2297008,0,0,0
2026-01-13T10:36:49.8222729Z,ProcessImage,Complete,1548.603,265870688,270294640,4423952,18038,1939,137
2026-01-13T10:36:49.9633153Z,ProcessImage,GPU_Pass,6.024,272697728,272697728,0,0,0,0
2026-01-13T10:36:51.2813505Z,ProcessImage,CPU_Pass,1289.646,272697728,273119640,421912,0,0,0
2026-01-13T10:36:51.4692997Z,PhotoViewer,SetImage,127.659,273633280,275502944,1869664,0,0,0
2026-01-13T10:36:51.5282028Z,ProcessImage,Complete,1570.956,272697728,273119640,421912,18075,1943,137
2026-01-13T10:36:51.6716890Z,ProcessImage,GPU_Pass,6.127,275592424,275592424,0,0,0,0
2026-01-13T10:36:52.9862327Z,ProcessImage,CPU_Pass,1282.509,275592424,280585144,4992720,0,0,0
2026-01-13T10:36:53.1520399Z,PhotoViewer,SetImage,126.669,280601528,280019448,-582080,0,0,0
2026-01-13T10:36:53.2094238Z,ProcessImage,Complete,1543.925,275592424,280585144,4992720,18112,1945,137
2026-01-13T10:36:53.3400469Z,ProcessImage,GPU_Pass,5.972,280486008,280486008,0,0,0,0
2026-01-13T10:36:54.6702321Z,ProcessImage,CPU_Pass,1301.128,280486008,283892144,3406136,0,0,0
2026-01-13T10:36:54.8342597Z,PhotoViewer,SetImage,124.329,283900368,284238768,338400,0,0,0
2026-01-13T10:36:54.8884950Z,ProcessImage,Complete,1554.517,280486008,283892144,3406136,18143,1948,137
2026-01-13T10:36:55.0222077Z,ProcessImage,GPU_Pass,5.871,284295784,284295784,0,0,0,0
2026-01-13T10:36:56.3359559Z,ProcessImage,CPU_Pass,1285.487,284320336,289513608,5193272,0,0,0
2026-01-13T10:36:56.4944738Z,PhotoViewer,SetImage,119.147,289632408,291490192,1857784,0,0,0
2026-01-13T10:36:56.5481322Z,ProcessImage,Complete,1532.125,284295784,289513608,5217824,18178,1953,137
2026-01-13T10:36:56.6857552Z,ProcessImage,GPU_Pass,5.931,291580032,291580032,0,0,0,0
2026-01-13T10:36:58.0056991Z,ProcessImage,CPU_Pass,1292.743,291580032,293115808,1535776,0,0,0
2026-01-13T10:36:58.1604614Z,PhotoViewer,SetImage,117.776,293234592,294126264,891672,0,0,0
2026-01-13T10:36:58.2129310Z,ProcessImage,Complete,1533.178,291580032,293115808,1535776,18222,1956,137
